1982146649
1835857061
2015920337
906327555
1578890969
1705607747
1666600593
2144436119
2557134638
594940107
1285979627
2246821308
2038816856
2351854833
3196866845
2910234602
3437512394
1147370016
3933902816
2117286806
954385351
1049219154
1056508333
3255691514
3373949179
3408945284
1023853023
1244385821
1005759724
940005454
3563328109
3167767902
441560918
1465229451
1276281142
525350599
3847309495
1558838789
2944880142
3143621630
3587425861
239141400
3154039318
3847248148
89670267
3857727839
1818911060
2761821805
2389683331
1436074800
3115013536
3017600793
3085136889
1925863989
1112471660
2151870666
1042163392
2147335158
1647919107
4118751573
4220271033
1702887038
411154779
312294506
563797896
2715574712
3668433894
3680665063
435801320
867622453
2676448273
2695107595
583705045
780730795
3828374326
1659568015
503186391
4189149604
934922013
1010076313
74587337
2006554951
256084197
435363419
1989754923
992152787
2374970921
2724857753
2078883560
2002781460
3848681363
3376300980
199343347
831877153
2314498447
4044265422
4290082968
4101388481
33753053
2089077374
78967977
117612108
3804957198
2207651099
626288980
1643821288
1934940531
542503109
2759025449
643610733
2734466524
4202557536
2942730285
54192586
4208785800
2682593148
136554921
2765253313
383723324
2850416063
2705976744
2323469344
689870979
2633674290
1745282281
3800012566
1835579719
1604806618
2930502627
1356593885
3185366803
1707795574
2304790441
1445720490
961534855
1618037370
315543644
2148664164
2823532022
3895882291
943173172
1096460325
2899530693
2171238103
3179740206
1557632558
450767749
4255556212
1872794706
123676951
2834668262
1315577116
4204555386
3906323644
2099060576
3877465832
1273710786
2871681854
856224736
2669154160
3957346565
3387414749
3625205626
1496788057
3043385658
216496328
436018786
1334397447
2895521962
618834229
1603286464
799513164
3558892893
1519496273
2984794684
1392674031
2026330953
853141722
2747287687
2110178008
4289254035
311184995
332599731
2712027610
2612426275
2987744677
2701609010
2872437106
3104579014
4278836091
571461938
415912400
2234816043
104387364
2895295651
3095909809
3829621741
1744026422
1226162884
3554861278
724027331
1957069150
832131095
3762735190
152569427
3637875572
444407812
3758687104
2620437122
2736847079
674489356
1724387565
453334455
3240288735
573387035
2723712340
3916002722
523395872
2261184610
2840144888
742744412
2605183728
4229567338
227534866
1719973789
3157937456
1056500334
2063971599
1157097649
472324892
756948
2416226051
1559046439
4209289193
3607666441
3996800123
2254773774
66836667
2934990400
2089432371
2587439305
463794544
1620440002
419988015
3949346072
1704225363
2269594207
1816452266
1203936587
74903737
2626031810
1120077018
3196778765
1748568075
514390625
3766774340
3775082571
3211703927
3760546732
3514871578
3027760660
3190550757
1488623450
363969026
2853361408
3655156788
1009219968
2543948954
1000797437
4148590101
1714652143
201816014
3146910432
1535164533
4001154823
1894974837
2079617091
3951140000
1001603800
2464511376
2942614870
2196675131
1524601372
1436294969
986396523
3016660943
293158607
2207707016
1835504664
21176455
2859823950
221850730
801931100
820041865
794971217
1279109473
3331851991
1329394723
1655895738
1544400144
142174048
2162046794
3747848233
2523443779
68231400
301543110
3470023296
2530527787
1817330846
1355124643
303816073
2731068017
1114408416
723929431
2359164273
3938646180
3645626862
2130951099
1280508806
2040354618
1636467841
3841818306
2347812739
2450833995
3974174983
3319296783
2251453515
1106078214
2085198372
1005733206
1242175845
2243527358
3509281891
3875957348
1009281941
1827362174
3557916934
3825676292
1350217010
3796101910
422281659
3935360169
1544003480
1262826141
2434857805
1784018312
3060368162
734692054
1490282897
3540028198
3582821082
136486555
1665883682
1151566560
3572423509
1892871193
476880217
2216668255
3231267101
2369953123
2332522414
3130268754
3167763275
3948531676
2484814729
642093196
3372396519
4159346100
3493678802
2841384853
3647326831
1252582677
3664896244
3876280255
564973614
1147155927
1673805853
4013317825
484236564
4043418334
2459776153
2194475063
1976483196
1544010358
1601709462
3264693796
3771132147
4158019794
821745309
324578873
1363649520
2418825289
231837955
4192853684
1648478448
4266645449
2220754938
721148633
2572188135
693269755
2473210866
613435642
582289304
1788488552
3460917711
2411295897
3540763203
1938381010
1644368386
354892281
422322291
1414625298
3893069894
2747685352
3927248028
3127196512
3631642124
3695666828
1196002015
1654394775
3736505605
2769974171
731253067
2387081743
357672607
3132623217
1384890305
113775780
3799455432
41601227
3062088096
1935218418
1300698789
2215929765
3960619469
769240791
2862299262
1988618762
260230892
3379228227
2164208724
1876719262
3890590104
443195283
3547360745
2833430014
3481722632
1298249930
741188188
18633191
366825481
3202893983
2092383167
2345436458
975658813
2989339984
284918712
878228785
931665479
3092643580
3325371784
3289796749
516163038
1726196572
3667881911
3060431002
2492349413
687942013
705078041
2811401129
3563274235
2265632792
503544450
1772293862
2364384123
3891487256
2205822931
568447098
1583516467
1052384974
51553133
4092014702
3092368079
893438333
248218065
45855572
2332343795
1554330359
2030804144
3176585187
2710143816
3286361387
2671662162
1304241047
2752893524
3486458712
4260820627
893112942
318989974
4000269480
1844760023
1139937692
1579454892
4242197997
2884105491
1069767536
4206299592
3417918817
290194603
1612882447
3923914074
1925042838
2522512465
2310837544
1546816845
214947734
24701565
3476542731
826912527
2674474846
1274593961
4292026848
3352680349
3644663914
2188921784
1506017982
1576157128
1289930071
233776078
3723082306
1540555717
2772524682
797190907
2823636239
64005544
2404557871
3066329653
2877217004
2101294230
1163541759
1119469028
1219574399
3405853271
4021669605
4045460308
1992360778
3830627718
147901390
2618827391
1230950023
2973836005
567808866
3036688489
46610835
4043786126
2203212409
4293625900
1273839125
1024863991
2911189770
811405809
189023463
1353288373
2327275626
425406662
1000856362
1510889925
1235896268
2347503150
3407895039
2506490370
2557852693
2481931846
3315037448
675178769
46220924
1453621
608302374
646469286
3748467674
3471433825
3114482540
2421306999
3068242100
2206992372
1328090008
1548336627
480733758
3273616990
3864824035
2717345246
936409304
659842653
1053350020
1304151285
1980514353
417534757
3111441011
3070537359
2279386751
4217373685
3301637215
3879157492
1161488742
755891903
20282874
2892400643
1241566934
2309223417
305947280
2747780150
1872867575
1852263009
1049708590
2401667915
710591963
1012991037
2020926367
3955542431
2026366978
4220247275
2952349221
2050466833
215594047
3919001847
4031145423
3647794941
714004649
2716937237
3867493185
2505081376
3131883062
1741682158
1447649918
3944478700
1478907986
4098937579
2358966332
3010746342
3082764904
2632096143
1302635246
188539281
828643935
2036923586
1221816594
555514860
2276985290
2303438595
329835215
1626379981
1446023916
4177590152
4292606727
420460353
2164834141
3321153439
3329526446
1805691418
1524607573
1956981707
2454115661
2593860433
2154446157
1397636083
94672395
4194402656
35003807
596598186
248420326
3273585441
3165708528
3214438852
2432227422
235737537
29530967
2034227902
3893318351
3902732850
506653399
1620696268
1455689889
4160088119
2258345922
2209967659
1815202442
3383252128
3347374481
1858176665
1056586868
102428117
711420582
3171222272
1109877359
680994485
1247243220
2182490801
1666356494
586349805
1091554031
853925076
488329553
4275146854
699944695
2622613502
1036546104
2014250797
2746763842
217011527
2772783649
1629457088
1325450692
3040686994
2681176008
4085474877
414953538
2869109220
2959931070
147050993
1439945964
4010177962
1361124915
3107907251
813516869
3146320756
638946169
2135059944
3280028577
473610209
2688110599
690575078
2198985259
1936655477
442616621
3900460196
2275414771
3681101203
2000941566
4257984222
2318468095
1365785183
151304280
1262087489
3461842693
1566827177
749621850
766893880
3812165690
3312013498
3417807926
174418271
2724487379
1126240821
3024061388
1268998707
2770555195
2595494412
3140406387
2058351086
3733558710
3118366816
2382207290
521640434
4252527711
235054670
1529484872
4287111244
4182822554
1422732370
1275626140
622064277
2547305484
499108678
452615977
671782533
115497317
2612062598
3943921371
1465192639
2757313594
1389210788
4218870789
2674844174
287456295
3943611830
1639847686
2913050590
1183333990
1433553194
3998093149
1458593749
2879568930
1717302428
1724385754
4282787544
3105933683
2355109021
1617775378
4129287390
4100478024
1514305418
694473009
515916047
3311999552
3302310368
1853593219
3541041707
807032678
2943580221
1278197617
1248979787
4264255057
1778676944
3200187853
1059303663
4114336138
429625496
2023519835
3297767437
2814474763
2438689979
579711747
1318919022
4132848850
2853911808
4039635453
529614386
1276739086
2003451462
3918417623
1008807429
861385212
3950904004
3413329617
4073307576
2950229755
1217165733
3069456898
2905121512
3219001713
1061961236
3743183453
3733840005
4233485898
2393586567
3781446969
1133216963
2515970468
1613691798
2157077661
3292651646
1606899242
2859608840
3534321176
1292189480
3919428491
3268482987
3017132576
1428035698
1868010619
2266600460
384927985
2133849544
2043240708
1338508828
1050830075
3563117284
4042072210
1425116586
985710880
4026820292
3600418826
3551773721
1327579210
3167347035
1024712669
2404330114
633064879
3424982090
3261091549
2410752643
282477346
1220884994
2820989403
3591846506
99245661
36570871
182742274
1333938951
782734690
2383659280
514526470
3394404921
778985210
492959684
1590946471
3852947509
1279832517
3123117564
1171967967
2159515611
1582945625
3914486015
55001394
685463098
159501253
2037682886
1276407114
1275051986
4202972207
982969897
2871796968
472784629
3370669340
2514713118
1343899992
345437547
2650701128
1250225037
103084746
2360832650
112245792
3663352509
2225763804
3999724000
1027925535
57927708
3550759657
843858254
2850948296
608501330
3379493093
3158942574
428229979
3328597940
383012794
718039895
4157526631
85920936
2515095001
2644327222
3955169132
2499808143
536264342
46928469
707079425
1973770183
3966503313
2191010774
3299825904
1576111578
3484897161
1856356316
2164447922
1158822742
1227912324
1204003834
138239753
3812266920
2603676818
102614738
2157824717
4110431456
1463058643
1684594070
1434299146
1425963537
4041848072
2662639045
97991696
337420883
1053375023
1108333978
3545862695
979137098
3254715251
2782597444
3666864496
3150762119
3239324212
2565971303
943457902
3080104279
2015495773
2526093098
1601273606
1800643820
3668265095
2198855537
1666098106
3225152082
2445138128
1913105528
2349841919
1304656039
2048568110
2211599494
1580548393
3995082619
3188780943
1363011192
1153299375
1240488756
2854182867
1360679945
1949491261
2769811586
4219975901
4294307165
2028271622
3124108361
1087425491
313987415
1419118477
1077513605
2430375159
3185902260
4280068875
4203707814
1397037424
112472774
2381786188
1975475452
1268471449
670944096
2840333204
3242074694
6815800
1871540956
2349942297
2858608404
3011388852
1101792001
1598727340
344702439
277169408
3149902839
3036029453
323993538
792648553
2134846658
1114044867
3419130930
3745690408
2781667130
3905592252
2682344388
641468883
2655525087
2134034686
1544542759
4203160495
1028439273
3758034126
2349179084
3718195155
1450447828
3725154924
3362164213
440419449
41417243
3229321891
14608044
281411002
3509749089
1290449153
3434831309
3643769399
2698569036
771074739
1547847078
2635750981
587009506
4141853042
1794829054
3655316553
3816296148
1463308791
3604419352
1239802368
2599518230
2978500250
1799997957
634693272
3688605643
2246693313
624812238
1504715371
1822086392
2585314880
870566714
2184892220
191050642
1826863379
3832268140
1179408333
3337182783
949522948
3437830930
3783038311
4267305804
2177255245
1266053707
581614628
137596628
4050713347
1872250903
1494927573
361098328
3487946749
1523593751
2164556998
70048050
200897558
1710330781
2756789976
1735695739
1707793602
1290760561
3833875346
323510177
2889673291
2662832230
2005361873
3997343324
491212431
17164210
244385126
3704295947
1234202742
920015623
2432648614
2515456001
1053512785
2321672051
2271008672
797072275
3327504606
1528985559
664755397
3446423594
1317277061
2970727105
4037999395
1099737812
462183957
122572696
3131970431
237762995
982316177
3047601198
2763396455
1608710685
376927241
2112181007
3221621433
3851673329
146547964
1316859531
3371998030
2166839116
3516489263
991441334
4101906623
931631922
568377917
3548985082
2430670369
2811308801
3955718010
3201356981
2104008920
897625098
431378854
4212738532
231665034
1134185198
2184818408
1691603673
1203318432
1658905800
341990635
1542178501
4012972866
967665645
1606984331
266883426
1226631647
786804602
3493097010
4144226459
1623279014
2234499564
2021066181
3327786928
931170677
3490503587
2289898860
1654335147
1601715965
3692774191
1001203730
2370983937
204386215
582504196
2892797095
4046949753
2387601526
3344437141
553804273
2539294560
3865494323
1325832399
2890560572
1645583660
1742245811
856552786
1032997894
2203986211
4292847590
790406844
2877308511
1620584072
1889236886
1001730629
2097331751
4202465387
2756821729
2397443295
2401632152
707421907
2743685472
113151016
3050215031
1349385112
1944583131
1373417765
1175048559
1518395053
4139398198
3229104211
1657708333
3633051298
444707722
3163112541
2146268081
2632997558
2227635677
954289105
1846824652
1110125208
1019359135
2395800812
848995498
546359290
52231014
525705132
615752628
3821384006
1877217694
4197080731
1327535672
225898538
3020862535
440089062
2181174644
311823953
2828300671
712624914
1555227789
4254064289
2769104460
2444280376
2462673232
2653921737
1099247280
2346454598
3205590383
3164343406
657172788
3559257693
1823072486
1044303394
4112202491
1163086192
3850802206
3594425644
1837981196
2059474288
2310620166
2299263132
3054716868
2604117692
2715152352
693421738
3299901334
748258047
2787944723
2434611288
3011342939
1439171563
3829682091
1023858281
2024228436
1843346459
2732730061
2336484524
411454440
2462151359
134752340
1895822257
900200364
2390344040
1219605041
462828856
1417693873
2532731201
3169890347
3539051405
2931304641
1154648622
1026329887
658462318
1089597024
3723872063
1468979292
1554187781
1344551093
2051138394
1484808779
2969399957
183528808
127066764
2277428612
1917806939
1236666448
3534053978
4248538117
4012814918
1611279043
1430278755
2701809818
890340637
3660887869
2949869702
331589059
3501586059
2145819662
181846741
4052433453
2197798608
2787206567
2596249887
1388991064
3207856817
3145821625
2191564152
3663998253
3755790712
2860419588
1159965763
2153447506
1324887188
2314338039
2463492840
1713781736
381058969
3444718530
1221479079
3445187389
377807676
3609901571
1052625349
1675465935
1498488369
332565626
3930515327
3333811861
3761645186
2669645964
4103753896
1877031686
4193655782
1409078715
3918582330
3250084454
2110592815
862542307
536838422
3668677180
3038294239
665960598
1068075793
3506531643
29863471
998960991
836249371
1903566877
668469050
3154761873
1555634971
603677556
1557172913
738759977
3546092397
413808014
2285533674
2642016689
1303485008
122592436
1004618663
4280210121
2939503314
1975888251
2852486423
541173644
3799576977
3131565185
3284668227
843914521
2746385303
3807822821
3478405063
256189669
2311215319
526504783
374359027
2835125361
2297777351
2477313295
1811405176
2687196091
217009249
879757394
1152253227
3225231061
654238440
1819535959
1601871803
2037986242
1668720124
1935276878
2201399196
981155222
3955185700
4254003685
3520047537
3946656022
2228964007
2294428123
1943769724
4200797406
1846859602
3501784874
482256118
1037870771
1681109331
1152318999
1167384442
1151989759
2384430885
375172763
4028807558
3591364036
3063029333
1081453096
2311098077
3938812251
1067069422
1267812591
4077884426
3190649180
3860177872
2941782788
3250779290
608462306
3132616949
2005077910
407263592
2677852267
2130091143
3589352989
2750991151
1039676558
2674009484
2262037425
881698719
1389712121
3519500479
661553276
2165713812
2674864057
3394183454
422151864
35766342
1194527705
43517249
1284095808
2853350075
2594678893
1434258910
4120122265
4203342618
3791797266
71764349
2274603898
3389102221
3277289004
1661152885
2105452865
847539400
504985109
3291774959
2015529934
645890765
2637817733
3770951844
1489493172
1988981666
3762700694
563242998
796978120
2023809788
1596602767
4142212662
3513384953
2364461699
2771212247
1709355392
3573450850
3714395678
1165555500
508555600
2393726975
4059281749
1180674993
558163624
2719361258
210226116
2098428326
3724127532
3470134774
1691970807
1548678046
1666377417
948892665
597784152
2701336827
3950461139
2942056934
1638653976
3462166605
2787748599
2887554925
4063787785
3844539134
3868171516
3608363927
3964834287
725150601
3017030177
3762952566
319068465
4252779815
225163284
2335912989
1613933272
2149028563
2425010148
781899230
1832268721
146086600
613240533
2645241408
3563312377
2482143001
1819817124
2843315353
3153189766
2875739125
1307120022
210692682
1522225425
821250550
4229132183
1433998457
2104409166
2770270205
3449796371
64414263
1319789530
3441286689
2055428469
396884912
1442544971
70977292
649958178
3780995137
586105187
1970660035
1440097848
2063539074
222141194
1967939732
2957927088
1593174763
3251056365
3898488913
3931213118
2658054010
3830951655
3053851184
3783338684
637954261
2949384033
1614181390
2340586474
4087060591
534376904
1238582744
1683260364
2140682244
569486272
1098890066
1995287317
3964066997
2098968598
904069916
2799032100
1479573640
1016500237
1801625681
362447412
4168423717
3760871702
1530068274
357873735
2014704698
3330020045
2552795776
1671722947
2295623115
1963537378
4221295343
2191561563
3290866606
1721564408
903848599
905296202
461808792
500958728
4075144731
4279646615
2862823364
53927167
2181849591
1532081540
1577215225
3626471711
39595502
3336882067
2795491174
3924343241
3328618145
3754587172
2967806371
1585450443
2708613725
3192676934
3767298194
2998875926
3984855975
1409754859
3937365495
2513201774
1956470855
538842309
3322157967
3222679102
2014203428
2106029507
2081238456
1628498942
567339725
65185918
2738957772
941293468
2186671820
247842547
1682792594
4256854794
3432251585
898905066
2806451828
1478234800
280955764
2922552677
2511037893
752551984
3980146028
3745017428
166736046
3830031997
311367969
2005526698
1062305839
1916332979
958502828
3530563917
3926345375
2758768723
1594624906
4055287142
3938912085
2989337320
1770612810
4082159696
2887360119
1215742747
1143988636
1573553299
896310139
1814840579
2598042562
3522954868
3679679695
1795809574
2900778516
858978565
3457234124
2899589004
1776092672
3950679581
1680926740
944881964
811861259
3978942925
1656634921
353347546
634193493
2151634350
3914315188
2511114584
4043309978
2450632536
682450892
2683765714
2546572433
1074334126
4006106598
3969353341
4245210938
2225329653
224793940
4033962062
1154433606
2730537823
4088988586
3446271404
125246021
1199112303
218462751
2832317518
1152476043
1803179063
934063858
1660101456
4095254409
3338642420
1623242676
2189926171
2141020587
938242124
501568677
2395892909
903865512
1497610202
26873066
897085064
4115126546
672490731
2041355065
2042121334
1655271151
2038266412
3585876670
1260783342
900304797
1074965699
1889655517
3497686515
2032189335
2662563021
3456447439
3414849142
49386236
645884522
4072170786
3974313196
939535446
4066786948
1835379674
3084453044
2827600257
1208879371
2134760236
4177856173
2467338781
4129614581
2750085544
3061528780
1052783981
2335316507
89438617
194492783
4195175471
2114626421
3063314427
2499431527
2077397180
3727827353
3854899795
9210448
1664347917
4262013902
282832398
2693100634
1046854781
3212642309
2739738558
3083015063
449487135
395121787
2007991332
3043755796
340096927
3445441276
1606069027
2602656063
1379895618
2934548005
2568156635
614500816
395011194
3460182563
3150070382
3872942460
3423446727
2270711455
1543538880
821419314
727457879
1972363457
2082547843
2812523827
1060367045
2096155030
195550203
381452996
807681063
1603707570
2002298187
1309395649
1722069478
2571764571
1349815549
3557718023
84471146
3087979864
3980159827
3944369018
2792461156
3798217031
860004681
1416888630
3096170050
371786648
2626739886
3909552494
3442970766
361361271
3018389099
3898356319
3714920687
518468592
83017625
845977174
1876452804
2142020981
2406308034
19883404
2054461116
3888713376
1880110008
19565648
1523105844
3979868872
2786945903
459279484
760966523
163302756
413691800
2768093841
2886493310
2892524637
1687246114
61522549
2946502585
3567337701
429095632
3672759956
1271106395
3904927702
3638184560
1029475273
1369617801
2415299976
2721988727
2700195983
2378504556
2511881632
1347031221
3049763274
968633192
2042984628
4178789499
3041115660
863597232
4190283118
424136900
452336305
3038138591
168737435
3029586216
1136679225
859613647
1518434104
1572806405
2174115886
3334707465
3049604768
3097785210
684801817
2881093788
590411462
2419474015
1333342734
2044660163
3042811022
2275274134
676581103
1849888664
243588175
1924936170
1260957001
3328181207
367688773
3907630004
2891431521
1691691633
2478287192
290877685
170011193
2523896465
2045912727
2065529869
3979444349
3304318979
2543650035
3147878453
1267996776
1475449664
335967806
1214020492
3730259114
2981224228
4238112841
507226905
504854831
4283702189
1921406510
1904574209
591109371
3991182736
2161537543
554174495
2608569602
968142936
1982124007
68769468
3370630494
1947687683
1269021925
231773343
2957640304
3886535213
610270366
4238276545
1800947529
1860433562
4233041620
3344705921
1198300827
2963006309
361411818
3010113214
3719423499
750299070
1568147630
3285098551
2652008031
3241862815
733280658
2803924235
791167119
902545326
4257284889
1740640751
2004623844
3840022062
1884361851
2697985802
2181726739
3716311641
2142205326
2603194148
3390271437
2820451168
2557709177
1808679607
1357662150
3242132884
2422973517
721740188
2090089597
3093216009
2864818090
634958480
1140547059
3509125616
2480312580
1160717007
1730299990
567382526
4203894961
4122685012
2030054876
2036853269
763914901
3406245158
3336212587
3205565591
2020954344
3349011249
1317056564
773554501
2630689696
3701310862
3593662660
768554065
2527177145
2153521513
1990184128
79469571
174938066
1453332800
927152901
2546877537
1573784177
4119972388
4246901212
1207826175
3486177128
1619100271
1284761038
219686473
2723814882
3673311707
2053863660
2048380028
504948298
852752192
2505526575
2815947096
785929598
1293589681
1664966345
1717623506
48656937
3276246665
2560343002
465921822
3570830109
1328047412
2100163363
2030433599
2420699056
1678698004
1855254699
1207644510
2525239914
3986394689
1812557387
3486028935
373188795
400672785
1919135086
1040939007
2518978087
724509571
3316551941
3989579901
2232132446
2950523608
2259730967
923575204
274731174
338273301
1876762502
2476057090
3424313556
3722059644
740874364
1585678038
4106983463
887701317
754412675
2728741258
1874446292
3203029305
1519138827
3736850469
4107695374
216197542
2246781108
1724596404
2255672391
4219891287
2000863212
466733044
4041768294
3046133453
1899827785
3940254184
2412467073
3969778170
3786773209
1293525664
2461864753
740759347
3714144444
1257292463
3905796258
2514081552
2779792380
1359130544
2312271150
2113770082
2515009569
3245013634
1565342978
3244293885
1185243379
1148069941
3603889001
2434186781
579255304
2065532235
1316369561
1000712511
1821147359
2579884663
4176888613
882813159
1492383188
2713374152
3476770333
588993422
470938657
3876475225
2732463544
1163754188
481015715
3644240866
277095318
1220559991
3658369471
2726503276
4152180233
1217867709
4199718734
1955105965
2426694524
1213570996
3409311443
37555582
3385734676
3675058274
3493537880
2678122425
2153515251
1109794274
1737070136
828251906
135934421
837240725
1779361683
2584151151
1569377886
4196951819
683212337
3223969261
4047926330
3932819216
2865039440
3950348468
3492876892
929438691
3759905669
316924797
410769302
2659409186
1622115474
3224765960
1516892851
672598846
796297051
3819365793
874293504
4147861189
659311152
2091132588
2724875314
1708679579
2839739085
3142146309
1917412367
2129732643
3718368568
3751418413
2710679207
3296909327
3356172217
1981968457
4127314486
2999673873
1679219801
2941082843
1231979243
536771075
317089074
1633394095
2654682165
1269492703
2600368981
3855850095
106500556
2721188960
1000129534
3026063670
495941150
2835719676
3968838932
2658845882
1899422013
1586015726
566738628
3819931455
1165033179
678958102
2991387887
320745334
1932061831
542228821
3946274551
3257596790
1785589090
3176763226
2574910439
4168145112
3516222923
1460539420
1756986072
1278631544
1549796141
2859174905
651856837
1179910051
2419103413
3145308278
1295903890
1390569364
681367877
1750467530
3349521602
4040231131
2898046043
2401053550
529631624
359906121
2467727696
3353106454
3516470488
3685615356
2563077537
467948262
318347472
932909223
4228362152
3866400794
446090950
4112594716
1805549667
3049827264
314755666
2668855465
2949110840
4211594430
1259411678
3336908589
1161148728
540090063
2406569027
3875105026
1672014647
3864242006
1489699972
143191334
2406978824
3885174222
3128502192
1550384564
1961295685
4189953978
3101405208
3070630159
1324041843
1808062628
611576708
221249145
1088736781
1065445955
178973483
774582974
3939817501
2996733947
4065783579
4091386761
3891227621
2627277736
646457815
1608189749
766068773
3856207046
630166374
3519221085
1170781181
1765853401
3342030074
3054193087
90672812
995692930
370865796
1235801363
1142292805
1240208467
3714702599
283746478
3490065503
13165852
1560648632
840461096
640580845
167393875
2884784932
4220470518
3438638380
4176061077
1195162728
1672155178
520773595
3014769826
1319554635
372033391
1046193371
3791170381
4056889889
3403064337
1550436731
1930674054
3528700643
894122606
3441545728
3111367922
2095005952
1861026362
4209656074
368947733
3504304060
2445952795
2673851598
94598352
2968095476
1279317106
2530641499
4079825662
2834536926
1429626897
1148971831
2079125858
3326317210
129979197
2236058268
1519116829
1384897144
3951588911
2413711427
3938432680
938847114
2530677719
3217971894
1496995641
1132634505
133838438
2776438859
3019920073
88821942
1494703411
336719346
1233390345
1340540052
3889305520
631459196
3012379116
1204005003
1768691395
3715724580
990859917
3475776009
2307314895
2732944001
311237138
3295342553
1090203126
879461347
2425703986
3641775610
3922377720
470988588
3420130339
780248250
3008156202
741929325
3658261616
2655063115
622750169
1474739209
824142157
3271398551
2741746883
248633432
2253606893
4290979791
1743989581
945889899
2497913310
778522659
2611868241
3615151142
1195746102
631218135
3160068663
2819426864
528464624
1047139405
2064802444
2349484155
2108599367
2678140704
1340780081
3405280654
1287538588
3701431482
2302463364
3620478647
3242040993
951833736
3104039428
342371583
2156902488
1702772641
224489323
3590214726
196199186
3627343157
1841969302
820151140
1738037641
450290506
3431515676
3347703474
1444526325
3665338299
877272304
977206912
638769859
2489033675
1995547967
3153239183
2469520296
1476614420
4010622308
182180772
2242011407
2732656242
3905264851
2739206398
4129204121
1898947807
2128986341
1210234785
685177936
2068086786
3883717287
3476357406
2412347592
3396406470
3323173290
35887281
1697606080
569402596
4138637435
4253011227
239543509
1719766514
2489138702
2960476499
228690915
3720955232
330930537
1312325147
3035346549
2911630575
622360586
3089441782
4249863150
888846601
1798982474
1849307493
2000552195
2408122086
2916800303
3228096714
1553362522
1051665828
2209112256
309287462
2755073791
1620764123
2090903189
1902290081
3635317003
2698869552
1751902005
2380227861
3457320835
3174978923
904595909
3090600714
910231430
974266522
1146918514
2521872573
1994226469
1387057109
1704149759
452607312
2932247213
3313696196
1446340335
580774126
3788678518
1246144026
1986152709
2016976250
2548538881
999191059
2586237453
2969634800
1869730808
63758849
1822441451
1617331569
2112156875
1378976342
1447343045
370933939
564669385
205600013
3437401061
1005300691
979567545
2803525533
1215431244
693763000
3849704120
631672825
177838652
245485110
3287390624
3232709323
480042242
2168635367
3815725903
4148740492
1729472958
2227770312
955733567
4143412536
172379126
671409384
2194106328
1270218246
3963895505
3719851676
3308955192
4239887366
2844294268
3424859427
2441731653
604603051
3703693850
1440940808
449671382
871711005
335663894
1859609922
588748324
3496676955
1343461183
3193269813
1375477668
1840391477
2261993597
4268812789
2443017525
1114353967
3653968934
2184868782
2062391143
1984418423
2115316654
972483807
1574189738
1734200974
1506210863
2162629821
2977658992
2764139010
2346912590
3084700596
3304157938
1456483673
1643806026
2438018774
2371964117
891774765
2809331810
3868833965
1186909874
4252403370
1013394427
1560104616
3411324958
1470095235
795141943
3213728573
1443045601
1721824231
2622356153
3184999535
2163729854
1450924622
2951360347
3259286521
1975204810
1144927189
605279648
389730005
3853536212
264442106
2578814699
4114872579
2079523354
3628475163
822289210
613157726
1456044837
569414125
1354504638
1778472732
2245518622
569736955
2061729829
1102919763
523340934
2513904418
6285389
1798019346
2234905627
3291821312
1441753967
274561450
752512307
2348937120
685465570
2203491170
1882109856
3965953712
2767017649
1669970235
3571810552
190947552
2678513979
2791492566
1694586384
4068551328
3327316774
3090313223
614964318
995446027
3006687220
570437530
1533367803
1845838307
4096170340
4277582571
3235038577
2664184572
3369372767
2871669001
3981808483
2463173271
1909760607
4145419129
2767404067
439113255
2224012006
3040624860
1325176390
4245800681
2533106008
2770897608
457625776
1556775343
3071646204
1509291767
2131419179
1556186482
3215122606
650286772
3291948130
200818711
2823671434
3569653429
2143834871
3921574778
277105804
548887475
1731273540
7863899
1418152275
1808687659
2800447346
390243994
2066527506
1652666943
696669415
2484606485
593715745
1570521459
2231025964
3876175724
1666757390
1009271335
3130581239
3681736459
78537839
353638054
660442891
3222707517
850385781
888832400
4170234741
2636328228
3369458064
3416541603
2550814505
2399676174
2878624083
1161392446
1496224240
1452527486
1312646861
1602822708
916707214
2467184858
2309985482
264309068
811040111
4191870855
971194360
1538230551
2319676952
1676065072
2169576001
2415982082
1438945156
3937005113
3818479517
602415193
4253705247
3189226231
2638301
375290001
1480633518
3391021354
73624485
452168425
3923673262
4021778219
4238646448
3039906729
426785161
4073465301
1002312599
159615838
2264676149
2051909223
3452129639
3649257073
4106419801
3710968752
2914200721
3454795796
2998228009
314464970
3708737325
1994361188
746236087
842691626
926767482
1482734883
584622867
4082598967
1722044254
2451592632
3351155296
985734558
2863035376
1748132913
3337504158
1847495330
1334421986
3578350341
1452846314
3758448563
694555397
1412460202
2698984339
450151200
872445530
2112626052
3438441950
3372738679
1994918519
3394618906
2839015559
2883267680
477327588
3053508295
4211102024
4139808927
3067970948
3835245916
3931533242
188882606
928311604
1467543592
194989549
684559648
1273947917
3629288275
789672577
31989186
2469281390
1125780393
625865125
175644376
2858434986
2250064832
1090825189
3328915586
2730012583
3266899754
3475047351
3765285058
320085132
1022387768
1200729946
2351016304
269810895
2119428
1569544918
3821377856
2816231580
1012533025
4180109821
3304492725
1404814437
1875424645
3094943800
3106494736
1825416882
2777563439
3603470932
4196563658
3640776610
1364565352
3403393665
3118541129
850009663
1489325050
838953349
1522494213
2868057256
3965663544
960555090
955119059
1740601844
2496060305
748268230
3017539581
2582836920
2105216789
2500613607
42241864
2319758973
3174625194
263234145
3685094318
2616149424
4158104873
3463278999
3969496238
4144690794
3522434435
4027556747
1251306816
37341675
1294023705
1246248451
497069567
1370958652
1100926204
1368463347
2286395423
182614465
1033531099
2900511864
2478070135
3571459288
263388701
3637046346
3102432752
722932346
242107421
26240113
3187862619
3754080187
4064346622
436138947
1089929799
3735395081
1582238621
2438722017
762642054
4189262853
2721918977
2161838315
2137344235
3453809477
372561043
65724006
659451440
355583908
505251697
1219472756
2212371420
1653740028
858096016
660119829
1371205304
1356464839
3041280110
3663375988
953120765
1198530364
67436233
1529935018
3580821063
2414132741
2820335967
4221965792
1066443400
2771305590
2856628275
424085650
1046003078
1568344411
829666015
862752943
211397768
396630213
2181598832
1758797194
1119757146
2195053875
2001500574
1579693183
1061832217
2759960054
3808865261
1066866010
3138961890
4287675592
1693503647
3930485729
1807616222
797730210
2253195977
1327228089
3067757844
1865892042
3964360412
4255576105
54278626
3371088571
4259292289
2993338635
671018538
745756455
1102830724
2147676594
3007767259
1834960499
3350399468
1659507069
2660115452
1615795828
1294513614
1791359535
2748907639
583628426
4230620759
3746993914
3361467391
4281283936
3265384429
2813995195
1774250264
3190708576
4237637203
2380163882
3562176196
2674570500
532712017
1605516808
4152344638
3992376579
2179755701
2491433833
2145924216
168570489
4011366013
3411896183
2830582461
3794582356
2596258468
2388715687
2035991204
1837136844
2790544106
1953427341
1013112351
2156132592
3286236574
1572355413
1491595115
3271732957
1109481793
1148319822
2124232183
2448196905
4183779292
2118149812
2390090045
3855184121
4248606512
2496009875
3792811267
3057656333
4174213051
3333708132
789971643
297215416
1709501185
1684715398
2109496464
1094780774
822677430
2094784205
2039591603
3768974352
2399845186
3731729707
2140162540
2750292405
2581353845
2923215434
1346323514
1042303725
3545203438
322542393
407553577
3165536682
2245412673
1690652836
1446829279
2261996662
2033322419
970792859
272402446
96313150
2665818795
1616732350
1007270197
4246383100
4064510405
3085564409
2500844742
7724695
1773644100
4142948241
2456502252
3797412232
3552879795
476239953
620502984
3740305818
1300266370
36419026
1166471274
3133129962
706678687
1219681603
3948765497
214476165
165190923
2660336391
2877869704
3345175244
3572405787
2539667333
952604309
3731491101
2850847630
4135344466
2484411393
2500102787
511212342
541364975
615994443
2432822162
2865272392
2574183326
3706707851
2422921129
630096178
1402359599
451334926
2555854567
2614086943
3036671260
849742338
3739092396
2070014246
744190992
566001009
3195361701
1356709052
1689105858
1911250335
1310769838
2983179158
104504364
1208308389
1099912802
909802527
473425401
741007649
4136035596
4158573403
3697935573
3330671935
2750184455
2672094044
528338673
1607422991
2791362458
3838459703
1297126241
3961071858
642058623
731588791
3577547828
3723688121
956624857
1560291641
3154009361
1977288894
193988409
2859776262
3805139143
3278454864
1294631336
592954870
2516151888
1554015679
3024166287
1905223689
692052291
43114840
3207899086
1665201247
1048121429
1083204503
1774480217
16077918
2385226832
599490117
1008575827
1453567381
2608212439
2982052166
3654958385
301608304
208092819
2486438184
727215249
2961658943
458070412
2715052086
224324586
1422085680
2778560807
1468903479
299009667
1778613533
1232129573
4004576862
2937572766
905315977
2879469293
1619642788
722172059
3995515843
4020636532
1161126025
510025271
3752258375
285726677
1942219124
521826900
4209965431
2206403712
790270567
2933673515
3345897808
2951640067
1066440371
4266294678
1415153093
755978717
3023280894
2530653069
1271196171
2367143480
1835090507
1499147621
1900393870
957598259
1402325353
668310414
681127460
3296923920
4012694759
3485931146
85525537
3116167911
3729650333
2450512984
2814516776
105361745
4252991401
1769591279
1278780493
3247935140
2531071414
1186741067
4280011439
1483135601
214117975
3287497634
2754087343
1474341136
2306350457
726767883
3714887095
883008172
1723837714
3889097814
2286012416
3922083254
1833101553
899184597
2510109532
2050625720
249320586
3498898415
3047429250
270609048
804162354
1890624513
1822941748
1795113857
3207503931
1918540838
502548003
2529146184
2287393563
3988038615
2797557115
3697568839
2148603028
1711524968
932004581
1884418400
1443048539
1673524665
2577606171
3774166742
723314950
2693202653
457361168
964898408
3942573493
3654152536
1598592446
3554328947
578420894
1305957072
4251257562
3987607689
240316076
2884969690
4230280350
2571384533
1661756339
461032496
1490953188
899435955
183511079
3486055325
3751144234
2984891157
1415991417
288236781
4220962313
1754177908
4002078900
4044511503
1443030399
540094323
3144502291
1793725554
3975405324
3973190184
477218932
1670008744
1717442191
2712172449
778337201
1560041326
491265293
2703092501
3597685705
2693898968
1519499379
1800963203
1811410623
528511168
2764472505
1963626669
3772909597
1641164858
160192513
2784215214
2924229632
393291283
1109216886
2133008912
2238114103
2992483202
1327743523
3511967339
3757579457
2409585456
985493705
800651573
3214916355
1854916501
3247019031
1348897828
1262693306
4172132561
2882633186
1507650772
3000260537
1767787434
1058494210
2347791231
2464791148
763924588
3508573805
1866696619
672935803
2276505709
2127127484
3205166850
1330249476
2576833298
2123424307
433705220
2283650821
3917888074
2972477541
1809074316
3868666133
2728916081
1839509499
4110141237
2602103558
438251257
1759659510
2291363602
477088142
2056170454
2102840686
2492582234
1596038886
2776593033
3097666521
2897010369
3646958713
1598356542
3846757216
21599134
1937217213
382049095
2529234463
562317890
748392077
1746540028
2567197968
3882000496
3876450720
1970549912
1864704225
433515075
3455331274
2765884956
336746935
1471710674
4291102710
989720367
3425067938
3340139858
1957826297
3579719220
2063717463
1516091489
1321257028
1137880819
1811326077
1565258553
1872455232
2144021922
1495975891
980577373
1150470888
3117142736
3680050866
1353663287
3182093882
2393904303
855724309
406897861
337395676
4161588409
3861263280
1690493485
2110057080
303267260
799803974
3066656724
3967126217
1601361847
568978776
2743747012
2000789706
845312332
2784667315
1697468138
199063099
3527485361
4180986921
408349231
3560030406
3948421641
3380543188
2084249332
3404627800
290930995
1342731383
962805631
1833443267
3085839248
1887910622
3043074084
2614968595
2198502137
3575554659
3896334819
2239969882
734378368
1354581681
1316623527
2765250012
3167561529
3325924406
1510557247
72169579
230996683
2989584140
2926993891
2203508342
2631850388
904431507
3146097874
3532732482
747686405
127012311
4236152538
3071159413
1061255027
2390583217
3295330568
2793718770
2587946606
3222009314
4084058607
2702772516
552263905
306625280
3039068411
613143563
1202696477
2536683049
2565298839
2235372285
1547643781
1719774690
4125347596
3656846660
2461328366
3196921703
318410984
1825707163
3461610134
515136628
1531483517
43346910
222281824
1563980298
284788222
880854807
713290504
2363492157
655055619
754127999
2660034845
216446886
1608817823
2665618112
3570337857
1943533084
1836014311
2832225969
2486282747
613113670
1895426390
3087188856
3607502689
38280794
1750523637
846834341
4237493689
3503735207
4185949272
1938088421
1017552943
1908868297
2371877382
2217131901
3124636212
2938794719
4136860631
644837953
2177221703
1829608871
515639525
3481937297
1953878065
2729157088
3781530377
4025169473
2591611716
2267352397
1751046500
116354126
2467857554
1816128910
1392928339
2822857688
2363422861
2989298876
3162302983
2294271079
3888389793
2359667868
3574087734
3594702789
1202204976
728676163
2795246132
3261077489
3747346767
3992123999
158173789
557649466
2636916654
2389825865
2467732533
2470699521
2650424669
2506521410
2167344161
2756002346
3806198336
490114786
3083787838
3836550455
257581250
3100541980
3075361585
187562878
1625766907
2608669106
4171283289
486040843
2090565205
2974072568
3302087404
1353192662
1120534239
1100460582
2716847444
2606833266
3209472453
426758662
1352151183
811290009
4112495502
3638538270
3464517242
1302310108
321298147
151602276
257794022
1526508481
669446908
2495838614
1647300965
1772688170
2377856000
3728242784
1195812274
371577456
3874161348
1655623297
4051692373
3488664060
1989363550
4112441279
2585379809
1305124884
369085116
2066919694
1509370315
295632470
786152211
680938400
1437589092
1197728484
3818640908
2882087185
935149333
1716777165
1610376989
2094258046
2908646753
2711261288
202181263
2473432603
3212672082
4214651227
227613255
1602938538
4104309468
1066763779
2579539110
3154336944
2708015711
2033663582
3013078839
2215659551
1857410734
3357584225
1749832234
3466442011
4123752386
2214237369
4029852050
2621302268
1873186444
1343932967
2715171167
3344083482
2123637819
2044183402
806021539
454513969
1009314055
1494109478
1477105499
735073627
2924875423
1032431185
1848606518
2126251585
4124402665
1997448159
2972480019
3142687088
557725130
129768419
2017867949
1767401300
3358355377
918733364
1063842113
1351420224
1860148526
114511885
3225733261
1362803219
3234071335
381023277
2940702716
1793612202
2256287200
2426579137
2902395520
1499113716
4259430657
2662111501
1197298240
1518740395
1324823753
2917360836
2912273026
3522867366
3018104432
183640104
27336034
1219963093
2590743930
3152512686
3595281545
2057045890
3027449129
3830397133
3168159118
4241662789
2058597521
1545723766
4081455298
3569470311
80520381
1284897305
949866834
2766456584
1904092858
3542816705
2588662657
411612292
1064766964
979613748
627271719
4038795892
2257687714
1717160180
132342221
3809666472
598139545
1860683080
2685364162
878599877
2579465969
3314292424
1906406568
82229314
1010300579
349486079
3413560336
1924336698
1122250218
2112267744
2980359655
176324468
2994131378
4280309630
1555229025
2318390637
722134087
2824682716
451286176
351257466
1850372086
3424069632
3935499925
3295032699
1558112717
3581399464
40986193
3320412082
3485043605
29279562
3689843974
1759406399
3521472654
827374466
2681047062
1323887841
794247478
950692540
2662547749
193469241
3151295799
617925660
2507446117
1529049039
725647259
2809137953
2640915907
1675749879
965511037
2107553595
1819630192
3888987438
2479956774
355965656
194062107
871973011
685524603
3760710024
223763482
1093325893
209451965
2910732207
2093025510
1474527722
2466034322
4198779074
2696659539
4152345496
3216728751
3384764118
3026338290
2823020275
1055335791
3521196280
3988583582
931939571
2355094250
3103676063
4162597025
3269138547
4006527114
1317820753
30194094
2796065300
2166107395
1330135863
4036494337
2400920310
3393577465
3375759887
533914427
4120954564
253841701
3374571419
199095083
2769095592
1508515414
876139542
1662670978
110834526
3726219961
1450990716
412928490
2038331411
2250764728
4062379886
2389547322
422213079
3961849306
688552848
3379681299
3495077367
2663519263
1678062569
1320036779
2117439207
1804697710
2091562479
3095383275
590353922
3797301683
1485329939
748987781
3072114262
4188557621
2441268128
1530963043
1501573760
2892568323
2968937200
1731145225
3315565885
1554675909
3339144636
4168374686
1611270532
1794703883
3855237980
2538752573
259683073
2687854897
4267110072
1281880427
3083720045
151956737
702840929
4063428352
1305934576
1170044832
3676589759
2185662114
188321081
2366953642
886499154
3358469348
3312618036
4215706368
2259342973
2470583329
1438252763
2408618128
1740140254
3312467734
2960506797
2712616436
327222198
1309182530
193161081
2202583675
1911401855
3449042003
2586373144
3963736109
3379429435
2217678508
1260794503
422948351
1855004712
3157644206
2251827600
1888934556
458371332
1449362516
4148870358
2743613419
776594792
3908675347
563765419
3244869834
2200193316
849003136
1221409309
2627162849
2961741248
2817267647
2994322320
323641062
1334953904
4257301841
1421835879
895252695
286921508
4073208273
2391332831
1587736037
3040680272
4098189496
1604424870
738901366
471232669
3448213098
886736826
2459887864
3408256119
3291447790
363693129
1493419707
3707747106
2602900524
2734422786
2054659244
4185071686
3612100612
1838325956
2673809229
2759133554
106396435
4140283156
3519199860
296896379
2431353375
586021082
1863678802
870079755
4283238612
3797198585
2866789848
3232806432
3777671322
3482256486
487605806
1818979633
1452074165
3970305882
2997157493
2421103304
702297599
1162749687
1799173529
1784566558
847806221
111811499
2938399163
3311576975
4258804986
628111124
2543484474
2397096524
985869521
361245050
1640097774
1360970470
109611857
3898873145
1320016163
2224741393
121976987
3463988140
253768948
1769715881
2176892269
1221923957
330696654
1830546200
4003615683
2825038022
581113305
2841080642
3534690209
3996298484
4021287883
2227038327
2081732152
4152344839
171274258
2058806309
126535507
2365988003
3901816553
526056863
59671750
4278037625
1708164657
1347390373
2336890751
1916123737
912506030
4168310281
435184014
1610292983
2378493199
236281318
970402300
4193692619
3787440741
2107235091
609639365
1828593614
3835313088
464250161
1870662061
2177532542
3322615103
3804353542
415851181
4260728511
4111950322
3713755284
948941850
50182512
640239557
2064503547
1966858378
1270770167
3195529310
2194749448
2966177446
2507717652
2844123567
4124592979
2328602577
731363055
452552433
3776334310
949425348
2472317990
4272247331
3129295748
2088614276
337265795
1685296226
761629338
1537391170
596030691
1470641661
3078220855
2247226197
3967589109
4173402870
3255096276
2528191890
994049502
704011424
1756046358
2837047058
824600172
3861101683
2948314383
3251855416
1628491970
1033744323
3640875764
4019734695
2463430859
1362227114
4156918956
3882044365
1188352962
2448014247
2488928955
756090901
4168161790
3790453181
989082749
2656906997
1443155058
3347621505
1723555400
2342796412
1254718250
4290297499
3025765000
1236757833
2598897445
1777955462
3304501474
65791990
102905871
3712441485
2621138269
3277324970
716014607
1732856332
2161796171
1567350261
182346814
1168137966
2860582263
4054600559
1195522006
2643961982
1433494647
1492200467
528875326
3125823957
858571300
210066709
871742210
748673505
2392263253
3704919712
1746648255
2014969456
193983875
665010814
1072488177
1900169956
3413644299
2577111367
3398886892
2227235530
3731798470
2958776971
2326578572
3931314717
4026580220
411754304
4068679889
2122851481
505974109
41297541
4189800488
2349766545
447093833
1999884365
3469914032
1318516023
1593386831
3143965878
1500760415
953487428
3361496512
850793096
1364046365
3186355910
626208480
929137942
2367659875
1226973110
687790160
1354723181
3294872093
2986162307
1866650009
3340620926
3568140605
3001164183
1247545813
1303273966
393329130
2599731978
3509524225
3523969871
1830689672
710752336
2441733550
450380402
1204426338
1425268491
3979516656
3166189875
2358965604
2411789337
857613095
1779148402
20078201
715182558
956855063
998849221
3891299019
3751354369
3044776101
4266553394
3454354558
2220284933
2153660890
1902074615
4249322526
875037895
4008189929
2618092946
1849477785
1381106016
3843929481
3662319492
4018307107
1033664073
356536783
3539454772
3044931727
724093461
102578652
240923690
933463290
996700875
2260581100
164306720
600511583
4092883245
2055697113
1655905858
1063562814
2090072540
1163497663
571987981
894071216
69311138
4001826590
861862581
206022779
4211141559
3820281385
2274771325
3935336246
1019798046
1392337966
2340515123
2262161468
3643575592
2584867250
1504306187
1596692146
889336181
2157387397
1570567492
662270486
3580262304
966872901
3778390066
2037388017
991308979
4082035537
746683348
402530801
1457478864
912514023
4050612967
3626892976
803023134
2725029762
3801520652
3800922635
1157493908
1818507372
4214458610
1861455173
911271815
3595059199
3528037324
1329708956
1648261858
1308546770
772462096
942322876
4047816795
1461423627
2354901409
228639186
42345460
41457189
819301061
2322050354
1007685119
3829364781
826696087
547046160
3645518650
3114790737
519297226
936527369
1982168652
558890056
1990872084
3132465503
660305741
1363198697
2814826348
1854078753
272156916
1800800383
1754690596
3451116958
1679337624
2276905173
1180841112
1971860505
1489693922
2466845131
345583132
3805796032
416872653
84521629
1034676983
3648004989
1185671838
1334528151
3687268491
1422961149
444211634
3220896394
2459726809
3060548835
3175979388
2162634938
3818728902
2881665135
3689034442
3924459364
1297345401
1427148970
4032073117
508575260
1873540118
1023729288
4173425930
3780728438
616180849
1870558726
1908632321
2128485181
3552864399
147993370
3400031776
1282616721
1771657878
2428276862
4039717656
277349005
617272675
2539628053
639851029
3835066128
2854939906
2932004051
3674139850
2126520298
367204470
3329597989
1135957245
2634192560
4162664959
312532838
2966945733
2591759293
1406719355
2085036246
2624557240
1949457286
1630820069
3585480916
894063003
2913241590
3550647249
562536020
334619513
853368134
2857793362
39944184
3986776433
2134725121
1668310525
1471961939
4109155079
1927346556
2294310756
2954077308
2955416547
4275942227
2997143434
2723369088
2871843446
3600383371
1679788708
121290535
3559792253
1986316743
1389090306
816213242
50172419
3969353636
3593945068
2349805667
4113134941
2234837641
3065271519
947463752
1671805343
944174783
566744241
3429416765
3284488323
684221720
1892852148
3134458008
2629705733
4016432298
3684655380
3333090907
1407187491
2727229711
1927064390
1971185636
423169960
4088312058
1208528115
2446885230
3452316448
2632080923
720981451
3511510479
2711033100
2719531789
4012244501
112823600
889647268
3249771820
1203865389
4187369399
3349618217
1613433296
3840235908
2390660677
559088589
678790807
2288655680
3765693361
2364121174
1457476538
1805779639
2641968343
2309189517
3200853988
4234684114
868111791
890818274
3992500819
3972163992
910692787
3280062472
834790721
889156165
3522857835
1680903268
1354942532
397824335
3357993269
1383443378
97325612
2648145936
2336894381
4247050570
3049372006
3104451417
2279845187
893350776
4067645296
2999209604
799286741
3224588676
3355654797
2941972427
1212475749
2384489436
1078995186
3495444398
185738411
2500266413
768888488
2729507392
2783735555
3049822307
662877495
1891323484
329076500
912166023
639433307
3471202716
164046736
1612391736
2975727902
220752082
1847452913
1814370198
850510789
672807826
2782932382
3861122778
386553060
491691745
2780218529
1221807900
2448052824
1564050507
1235817798
692379943
514543152
376442558
1991043873
2505920936
1263551037
2185104354
3802042895
3797561014
2890857306
3592674778
2411284225
1490819993
2715819645
649276298
3501703648
2663648379
1142390969
3275527817
1885843399
2472819587
2369692871
979356593
3765484385
2662724526
3573311501
922943579
4136680357
1853819654
614026877
3302014289
347635471
2758247523
2410267000
564108488
3204240078
3186214796
1532553409
1040324816
3836002891
399624643
177738396
2092438656
2464384692
3754898371
2167694726
994138207
4012135789
422097741
3195213608
980644914
163506377
3952521940
2350771660
3569745473
3557759427
3390714543
2877138627
3504363137
3290231654
1980149835
4017749398
2182818821
2387917130
3548776587
1693862008
922356277
2417279728
992957312
3126773388
1755021850
978651610
49313267
722028641
1703678498
3422849171
462321790
3388716520
949381200
1817033689
1626462563
384211176
1492186124
219328724
3799283755
791885739
2753092703
1759413333
3907593934
1015239176
2069222204
105547122
3958434098
894951794
1282597124
2565106128
651998747
2731623096
1335349994
1871986265
3580380800
3634868093
1574189229
2947494537
1482253667
380454020
2592657742
1120023502
619528816
3763316039
3258776016
369039744
1328043152
2098691454
2380517195
3390708711
2822790177
1886371405
1673053452
2561358479
3899877510
3867839099
1308367824
3643092638
3418762637
1049776641
73283606
4099901082
2023066978
2078695572
4038117848
1989364907
2795337244
3475595983
815043528
1775770414
2992904815
2698780219
3514214481
4059484180
4278519235
1574069480
158961918
4269760409
3850164119
1256938117
2712028257
871674778
3298085233
3858753296
3345371993
3008826070
1291160475
3910575073
2280277251
555147820
495207202
4029253284
2283572903
3446421454
420324962
1681635777
3739705511
4155377118
3007841019
2430948073
3180749224
3227288089
2205025664
1396032020
388970787
307144785
1177785548
1241471078
537833125
1022681285
3372323448
1803014796
164823810
3550135509
1496831096
1930721035
1399066315
3105829550
3604608655
937379600
553903205
1407957496
3800589903
3700397411
4199114515
3529703649
1150501800
2138777700
120857022
3271985475
370021342
2492679574
511549387
697809097
3532954357
1640351561
762902411
3700579132
3166622145
316759196
2593490015
1114411002
2277907518
3542090407
4207033477
3293894213
2365135199
1986457660
1021023919
2374189829
3469230915
2135514324
3529136381
2304561192
1246224551
1733562565
2110664939
1032069888
3462298702
1405010003
154758357
2747078137
2804686992
2130358130
179796338
1963291259
1864404183
481258352
1720591634
2172858219
3420246090
680269660
3418049309
3100135592
990330933
622389409
1874586514
3651082183
4276600992
3972870682
3813729657
3133459507
1202468774
2413688374
2068267031
777744992
3037856904
1063537796
2235201500
1497657345
1000351037
1199498963
4059264929
1794093184
1795919711
2394859861
3942033660
1353094010
638168821
3149479233
2094267126
2434521231
1879239642
1140145819
3473211438
1018900460
2626512474
2463222526
308573736
2500257777
3436122719
1591587358
1249820464
2898135725
2317813014
2899685055
1337244411
2471817525
2608049820
797434834
1630752645
1940347834
3431814020
2017508262
1140939673
4093664539
3107399007
3435287925
2339932091
2201022787
3609752062
2693827127
1763297267
3458878272
3756544151
1394480111
3586158539
1441086944
1482746936
4205845125
761379019
945793814
3164533431
221622503
1362425773
761440162
1974547916
822849667
1800163216
1590695272
2406607577
3959804117
1679812566
3411207754
1197790569
143848601
181496430
781422767
844957223
1324508925
2247267603
3659077968
31148777
139012687
1924013808
1351933780
607929283
233029636
3498952488
529620966
2773796772
2176995989
870594154
1555193088
1228381731
3658745947
44860833
93215253
90984602
1601720177
726729681
216518961
23500752
1743308775
3550448112
746001434
1404752271
2566693415
3481117772
1254696364
2941952516
2941189477
3098450716
1200510754
1279544627
2715643711
1881691905
1672972380
836026134
3961099811
483349244
198404874
4159943336
925327216
3791281594
4008806422
1214219728
3690826150
4112231581
1766633545
1643698574
3222154946
298333538
29859488
2250295024
832322894
1756152347
400331749
1226356837
143885621
1374845911
1263365422
1272124371
1904391776
1904385936
267394880
3672355804
487558367
3463680868
3004495386
666926689
2320539639
410383270
4024568908
1347837420
545771439
1196755948
18466897
217228835
941151512
2164314157
929020422
2427441848
3494856080
455791498
1490713998
1585366927
2363694083
113550639
315032505
1402684610
1527803903
1008228989
1511048553
84850526
1889640011
2238225832
1975857748
77210969
3552058821
2530181634
501862778
3827178982
4143766315
4019089354
214624448
368470909
4143815657
996993251
3291326518
2791472224
1172105467
3142939286
2623907964
1580649584
2428337946
1984732876
1194653390
4022707642
1280002768
1558106693
3059763503
2947167558
1218029224
3471100932
3482677864
246894234
4004561960
2801675987
2672499599
2520006915
3334564349
3647337405
3422711681
977615274
1900696751
4140670271
2120627513
3660271891
2587922032
3219503389
3017544917
2693758158
4224103822
415043945
1824482589
1781346872
1873806131
3288883901
996321157
1137011391
3141909577
3145449465
2020112026
334674921
3929287236
1411194646
2507405313
1733014134
352463555
3412926624
737310272
3397022210
2528766576
86847364
3287413673
3366400721
1234496434
478784360
4111215843
3708285376
3885044061
369532085
3295938019
3493269886
1983235484
907262803
954459224
2503964106
794840944
256238715
1402633585
780265001
1694968749
753051601
344338997
2129465126
118139485
4272882821
1743730072
2020765949
3299397785
2080706835
2328478854
2519859440
1915196143
4065149357
4128065502
873036509
3524872577
2674269029
2784309192
2862468266
4284046411
3822831610
2137922267
2454696043
1646070761
2620855102
3120993708
3800901800
426630629
101468918
597632682
4197766144
776302385
2735670763
3178291614
246042082
3306002500
2241531241
485565594
2755465896
3336601698
2299077489
2331805643
4262161557
2605861385
3956018471
3717354369
3207384937
4145392417
3970355089
2581789370
2132605448
1849940985
3607502716
3995710521
1601652713
4056427183
1713431824
2935624922
1958053749
448502669
593822348
558224750
1562847018
3304614922
150069891
3459957214
1231518300
1560391832
2309389689
2932855917
3129198016
3657255479
3559798791
1761753748
206696938
1024498956
1792302776
3420747670
1207005542
3109396972
508087371
4140566101
1776198996
3453804605
3315096604
1502887730
2987297009
119430854
1350516516
1413401958
877266063
1614128450
736929194
1851674693
2094680632
1732706889
2366069152
1418948607
3889635592
140351355
3902386341
650456842
3942948510
3234895202
2790591563
1497031443
3270370337
402623079
1641091044
3501624665
1993277579
581599983
1162775218
1477350888
440495640
1461052362
960372484
3658040138
3863369438
1819016243
3946700634
3230163725
3831672090
1775815474
2389477067
1968694059
1491883810
2829234968
4250841602
1889275674
431454944
1817224118
4244838732
1279731963
734797585
446592970
1710432022
3100768741
2533450140
805522701
4283254082
1799990569
2006354917
3451090042
296239427
2753000625
404737959
4170638408
2814447773
3752479195
2188838946
1950412745
168227334
2270596485
2502741666
1550387511
3020085196
2774947012
599482875
1988416790
2894943442
3314230380
1171296095
2630340276
3126414496
2672198656
2397964696
2671468915
2082442725
2795973727
531317298
4182065982
447607557
3736685616
438061787
853857986
1579773809
226049234
2256226391
4235857167
898813989
2485133615
2638907363
1995005230
30942916
3012235904
1308799449
327372732
3535509612
803363595
488518483
3116949440
517392155
1003488896
834768617
2620642163
1966400326
2700394712
2902937443
1408947861
687706609
1879288211
1373985824
4287462848
4254908357
68488763
3088171367
436326723
765540822
722216851
2543765269
2018601933
1821416244
3506040046
2347289399
1811701252
2853699716
1483289699
3192972761
1126606223
1539264591
2045076389
969361893
2285809435
2890520696
1213887859
1238099528
2919494208
2064527162
2038529070
3520174732
3112709600
1886026808
937549595
2329704361
1075897950
1211348951
2390150814
1618736075
2590075091
1831847803
1211291148
452021138
3899984288
4097313110
3689104784
187433029
3698404497
1534289617
3912449631
1245503892
780672812
3520647848
1483180268
1337497024
2460180387
3449786119
1635319971
2856891220
3754223231
4819535
679037888
1148496612
582387922
424531920
1656397623
2864699899
2611528632
744389361
998938570
2862374824
177229602
3011757795
2925900371
1021813173
2305181179
603628549
1763177390
3472554332
3295136387
1084474435
1575428008
1241046229
357799512
444310287
360682922
1191019794
2142396489
1872656832
2507962950
2854149012
2258689227
2527731306
1839947240
4232130721
1160503614
3087525429
968949411
3040447934
1068899146
177513706
2238912472
1080324998
3356665392
2358777806
2790536721
4215733369
3167915432
3649461981
4084330977
2905438022
3764105057
3734176382
1360627787
1650774257
1729496199
707754283
565670145
1257568024
3592128038
2743602833
1983805494
1724291348
3409534580
1389619658
2021459276
2726699218
1432208643
421621060
1161048698
1907381503
127594780
747326684
3257771913
3496477901
3286413776
1168830391
4097420294
3625302478
719790133
2639980515
831608021
2908776459
3104526120
711351499
1744451676
560779042
2677603165
1064257810
344327721
1254534131
2217917593
118427694
230170883
3701984727
853924133
3638981037
2099549655
3597245856
402599637
2144163817
3540657446
1392677102
1199890730
812106003
1858542154
1164780308
889485717
708486257
587374119
780661368
4019417334
3646611069
1916208686
168558713
65660520
3041216561
4046237217
4189169202
3925195879
347332270
2536322621
2835571973
3236723181
3134178722
1429707272
1121126013
55231323
771844968
16820109
782774468
3526726757
2201999389
1937183967
1109153201
2859466027
1469744419
1554500073
3285222285
1343531498
1039901153
610439461
1962489878
591412665
1306390403
487546480
3408987261
3844216906
2592609870
4016090294
4275376212
4123384268
2248402771
391249231
1916965362
2723303320
212268369
1530080269
1616262190
13649107
61234499
1438448933
3582858365
3103500488
1177938722
2465242765
3765361030
1944003113
1202638371
360155363
3019154066
2615292220
396249821
3063355924
3743387399
802683934
1442512417
3805939107
759053856
1352222375
2787621784
1362392066
382794353
606187317
2875995224
1247809063
3250511802
1910443085
2366783544
983462370
2340899863
3517101166
3741385069
1442717776
3732267190
4024714714
2015155151
574693307
1843083850
3248084278
1501032155
772316090
3967493801
2772636118
2889344042
705102977
1793842321
1095093180
250254717
1951416521
687519002
157596084
353118401
3477645234
763963464
196588697
2801260820
2412797218
1682033705
2794978030
139924764
1074816226
3177247472
1729813150
695414535
1424236523
3768423072
220366796
1326651381
3563029733
1830332776
4243085535
2362111403
1492279395
699795569
932642848
1266382436
1858634369
1862431086
2123480943
3147223599
4197978143
2665515402
2093974808
4174500385
2609066252
942816035
3231212770
2028918073
100118919
3262228188
2106420671
1091178428
486034698
3813297227
3103860679
3869248848
3220879389
1553880904
1007891781
2022241794
2814310672
3326833951
607650388
1109494175
832759692
3663459061
3478360918
473961491
644812280
1298984134
2781156074
1566178456
247418166
2284314997
2708276117
2357211814
793667688
1311838260
538142947
195295636
1351257196
1236014661
204330333
836166756
2921202925
683689121
795703356
3349248587
1358079195
2132331673
2153206644
3614829797
1531536466
2610977642
3090686823
841625527
1915008625
1069509465
377194364
1775484527
3902181556
740446820
1671489361
2953044474
432577391
3070146559
190714993
172068200
4051713295
1405838655
1068188771
618556833
2456489259
4219319992
4040334065
2424491797
4263382590
3022988490
2831907286
494135819
2313858670
2854403048
403722893
3440840789
1859036975
3676128322
1924397060
2492917621
2276306964
2536278155
1311104864
1088421387
1812735699
3028131642
477039197
2308134492
90719736
247742064
3298130602
517426885
3394687785
46345302
615524495
762996527
3397566908
1057956786
3924331126
215258944
1488694764
3825609814
1662895716
2173235472
1729019687
543013233
288778450
1086875848
2184169722
3355784238
3284204473
3245324271
2940021539
3274322843
1041225521
737729567
3774775282
4197114121
1249592125
3067099532
2193054797
3468604417
2500097509
1184000629
483818023
1505772579
673048352
3731027405
1839399332
3187580960
3084515509
3980418309
462853601
1970108255
3642955906
2390086369
1706135506
3832210791
2473920388
3877222338
1388973876
1045368383
2943698170
1304639598
3481751893
769490154
4217623101
1656576238
2004905738
274808191
2779266204
560994121
3886405849
2645457537
1779840558
1335474673
3629752774
1021726317
3093126231
3764381659
2835670287
1113168725
1045189912
2998660658
2261480972
4162454500
2296154232
1642578442
811331086
2472772421
2775920467
4128094450
1049527599
3922279665
315610208
3887978963
1791078272
1368370037
1996701713
1292335215
4093500158
2922388717
3457149726
2965218795
942612413
2043527734
2951836309
3169511553
1511624287
1809073325
3714676643
204982305
323615209
1504477343
803439688
3614232529
2003743440
2073940835
3723745280
3050978618
1342084836
1209048832
3697356866
3474836037
4000885441
517324712
4219375554
2073816513
2490207828
529454965
918017204
382056004
2838379814
2609765647
1588151676
3056011900
1782940261
3691085164
8904751
3347024862
4121634765
204279899
2486548955
2740674446
4226414077
2889088966
3896344297
1406506197
3921945729
3201107626
2752606579
3519177372
1444319155
2896861448
866676548
1302955150
1748530257
4127078840
2010047172
2400501847
1035981906
1819404793
1267084558
4226384558
4142662343
469581412
882639776
803167803
2566237461
2010938549
3210856441
3207822074
3584953662
1716689669
1010559371
2532209195
2945039901
2489491318
1930880616
726419745
3082212127
3073626192
1255134723
3784873313
3484314900
3456770367
3259816200
193682220
3926573167
1521937995
3344105354
683560837
1859496908
1387378826
1090863869
3996579693
4107898187
2209467671
3663049450
1631242827
2787906163
1527354959
939339131
612641379
3987307548
2596742336
1827199323
4070591302
1796176810
3997229387
1140891925
3325391377
855250569
4033135415
3634462497
1678405322
127936145
3769055548
795627437
2946254777
2773541499
2040281070
1482203679
2639701094
4202311492
3761716269
3379642614
3787793529
614846836
254219786
3684844083
3280561522
3345415136
3223144718
119244843
19967260
2430151172
372387523
1162744228
1240102648
2503654834
101609137
3646222138
3002886749
2759597882
6796230
838138156
3879493679
949717635
780496603
3806872524
3160309183
223421106
650999284
3722306205
1535075532
1582352560
1494750625
2024482981
2591424136
2175928472
2028697867
851230890
1124501362
1283996812
2808055722
717064714
3429589037
20427371
3892905440
4161283498
2496984427
1475351541
2699928669
2453667403
3579325413
374165006
1057355760
2637486301
155482452
3469584538
530374861
3219428103
1677173025
2966511182
3962105363
3913087590
3860932109
468454325
3510287483
2907113322
3016780445
2496489276
4223106857
1142198075
2898993441
382327374
3062596376
3274817705
2878991672
3968138703
4199501188
4271230584
2359256063
327495131
1137047822
3599768872
721133814
4187126133
4005962575
3174208529
500363522
4185099051
2431021198
1687962292
305159883
3728133111
2161953475
92665519
4091686760
997834816
2213149914
3564561083
3293603183
1751640749
627502834
2871941991
650230312
1509762848
1409809992
3444550751
2834115433
3553595407
2770043168
620030734
567483015
1797657347
4251077812
2079838656
499823092
2364113499
2313902920
3556189143
1434396129
63460670
526352672
3925207523
1549992822
4281901795
2396127736
1972966510
2140055924
1519888305
707936806
2682882743
1034964906
703034427
1560206984
2294658835
1926028689
3319388063
2451737150
3821342909
1466911470
3969147045
3102652695
3460842489
4134755720
1079152691
85097649
1161859387
4244809541
1595736678
2084445206
2819523589
1057397846
2515827785
358527859
1695146625
2894786916
2130626482
2319714100
1034939115
2596163525
2649861968
276500084
3824221299
1991408304
1588311309
129004548
1627902676
1937723794
625842050
1309043309
3500459100
3663999661
2777185306
565495829
3038383269
3945671839
1563361735
1244899722
10500840
2889813390
1469594968
3006253554
1637804313
2776938448
2098355153
3087552163
4288707735
201259302
3380838476
230487583
3317918469
269821942
2177228142
1823968932
2780022704
3731786534
2362486119
3264491435
4153711678
208054000
382831074
2822752886
3959522611
1911972345
2776289112
496376034
4170408861
4266747634
2226196981
3799277232
1868082142
369593476
2630005803
879952500
2401273235
2250606854
1550984371
2128647978
4069878037
3777106885
619702781
3421234232
3022925957
1156872141
572621927
159254515
519768346
459213130
1392993622
984220309
1891625627
3074944289
757050097
1567297028
3456720535
3327950609
331068797
709482208
3521763189
1047482850
467043293
2844485172
3402566198
3841926898
1107652675
1004471935
2340493562
212017350
1195691949
1957215701
3878500017
3059008484
1932446848
130316380
851345155
2167555592
3388598911
3945322681
3675688271
3205843080
2594379350
688523207
1898502827
1127592428
4186647178
3071506241
3628377754
2787146946
1467241602
3210956417
2413456346
3619839765
1797712072
3497082258
933592278
201392339
1046632567
918896700
2529542983
1699344861
2950842667
2351103594
4097850609
1028969562
4069790961
2943063387
2759056717
3899861468
183070414
3447285891
1961113735
3082377656
2541098580
1301984682
3803544312
4151150692
2756761077
1608863118
2908944051
2637060312
3563838353
1579689710
4028798049
808145894
1235062410
3723915518
1231413328
2732481386
2468793223
2904909863
3043750670
3203542808
98751519
1684336771
3458018513
4207636784
2414536436
1057824920
2511687480
3243030129
1133963594
1788668439
717398022
2995184899
4151927255
300953742
2010414356
90565471
3754795693
2923616942
1598103576
2837512282
3754497089
2908596880
1729925753
106935291
2072421082
3304814789
2483194057
606991506
614226694
4079313106
232252298
2754236561
660653723
1383904706
1145926482
1078406784
3003114260
2007860822
3868399561
3923004094
4002058049
4235471588
2027784082
2084311600
2193801343
603336248
3843758887
2552626514
751940998
2960736836
3633060650
62615697
3604649957
335356310
1198633594
3098743324
1284735850
1746630509
3725641661
2279782870
1604773749
3301864489
1236795359
1465001122
934792926
813870325
1583550563
489298499
1726196039
1452790708
3998458036
534182509
219983348
3673799934
3802324888
3204677397
2791058328
4270868382
2417607103
2930192549
2453812367
570823518
3523389379
2389748873
3667683803
1013905815
2140973599
2679199490
2073209813
2948930309
2435139560
1828764864
4243638908
3557325105
721219202
749304678
1858314562
1766314195
2613933107
18130751
2840043926
516768805
3453959491
669747828
2085629181
2718448446
3891002161
4182777067
69153337
1555989957
3870706564
412812977
393432233
2603151694
1750061790
121410328
3679003606
1959519830
1290885748
2799147292
638079467
1344763304
1404348034
157455612
914661385
2563087422
1302877719
1491936752
3349888706
1656918784
1045360721
215614590
1805174715
2106872900
2775355733
1668023404
2397957811
3696870015
1784492205
2758818350
2318976973
1655305082
1460240601
4077753575
1703538185
211516664
2304196899
3616947432
1883171742
2506479909
4169957954
2026238115
4189563444
1251168419
73426885
3850711602
837582032
836233204
1280818231
1958822409
1982576054
2618166573
2052412131
1622778531
3476806740
1064856634
658895073
526544206
1674377333
1652341355
2721208645
203161096
2726087470
657615187
3234882676
751886540
1169097099
2936496649
3973091721
3232706973
4162011474
2193144281
4218886666
3835131354
3379916981
2263457984
2487460277
3644501764
3330830936
2294781245
2465687144
3138832530
3283798952
2831661823
351027067
3973058239
3462688606
3751609799
2820328532
2685266599
2163451707
2272266563
3333308166
1266851207
3052576785
503833671
1117751825
3171312582
3984481968
1001052475
3023525639
3353578029
1842076809
3166934224
882520282
352227235
3811986677
3685351644
277130165
1361681940
2802816954
213267379
2117279934
2952039559
1617182882
3425497695
3545308129
2086066340
1285896550
1554236770
2486693721
159909823
459249440
1148083779
119281493
231571509
391876410
1110518156
1244779127
3338812960
118046997
3509050998
3055549017
1759397736
287813427
857721423
2752896276
2676720849
1367515799
3418545001
1603007892
3565326977
1980938372
4211028990
3464632218
1788251148
2972908178
3005001040
440555619
2709333283
4085088200
113667307
3937463375
2397291778
3378720709
1218022675
2681504467
3859409618
775575730
1420146799
2730698809
1079237963
197859987
2376723758
653265130
3233423407
2177663199
2807940138
2923750555
2302165768
1411677917
3614554033
2148104137
2126096960
2165355011
2298328094
2378174647
4163232041
2342719240
231260378
2071016718
968678889
1902991292
1732488456
380003139
2039893121
194108953
2763633058
87284711
396576287
2815765613
1360714497
2818374001
3807908532
384207171
2007320683
3966501470
7642710
613456146
2839624839
1200147476
4106823688
168171554
3659314382
2413877039
1708203615
438093195
182511417
2837087267
2494623337
1753059297
3335357022
1420861228
3984441335
2317274095
620302306
3544401428
2526740327
1865729678
2933783774
3863882504
2138773823
4005310022
4207550336
884396115
2468517004
1437821520
4026686886
2860115462
2948838318
2802251132
2870295834
2325714277
833681571
2767481196
1894730907
1723093113
2778247792
1986651993
1073448703
1872275283
1934030183
3305202770
1012268536
3575259716
2994141309
1366673814
3493146746
1217141456
45650749
2399144521
713340680
195330279
1803781149
868959433
1946094564
2479333891
734398303
419869700
2000956503
847901854
1633500935
2002210849
854538484
2673106410
1294426932
4200639553
3896249564
3023373238
555436683
1088770300
2386899107
3918847550
931987914
1612980962
45242848
4185793169
2356503747
2533306745
3523928098
4134961707
4034578966
3862147713
438813706
1681367695
3444011058
2710352678
2688600763
3752243938
3482213259
1836948858
804381061
3887144046
3979475878
2940047256
2310272195
537701479
1600838911
1203674139
2579168221
2723213182
3184412133
3468579591
2738631778
2559730478
1476943576
2900189204
1659026128
252507650
2914106120
645168512
3664765405
2844591072
593194942
546636656
4198521163
2231875741
1474469727
2539679013
2150148771
2904063474
3299686286
2039853546
85018161
1220421835
2635481022
475969008
820356040
1699879328
72611430
1511791656
2177996788
488375719
575117099
182789142
2280006230
3455439305
815077123
1332328163
3130884351
3381098369
2484228137
306502879
4093068436
1553843356
1697418729
3959394733
2040042480
1803521440
128898956
3990223721
1074482963
2108502372
2337275910
1949441456
2449241925
522021023
1598480131
2942376806
2587407657
2311304030
3244553163
1460003560
2039799865
3915166766
3611919412
4183330340
2271108227
443864053
152034627
2725868121
2979357244
2940493563
1477028775
3868314342
2921891303
2102758764
1881655097
2714358161
2267370642
656633827
2695170701
2460355800
554316805
650535238
2542345958
3689993896
1963670509
836094405
2894547591
405475203
888855547
1451075626
1273386280
3871317535
1110175515
1815750385
37490763
1533287642
341945842
4202182229
1130979148
2123895314
519813121
1512483981
113482001
1877134446
207153940
3755505686
1435697019
3302457249
2830117152
2894110713
531405163
6911232
2532355308
3609398750
1996563510
2530922949
2315744341
2286543468
2055968740
508173516
2738692319
8941836
2026891171
2533651068
3973658413
3967979322
3161501903
1402362252
2621681921
516111773
1033154849
1367271104
4002705146
363591364
3509747740
1851261159
2074680937
470800349
2651804544
2960426002
3626878023
2808960899
1241800172
2401856669
2785119391
1868069671
429875522
2850085097
2502468313
1318832536
2827748341
3267073537
3298710311
3771975157
3348399167
1046786442
3005128542
1640518428
1225993637
3728649008
1692877090
3018444552
2381574555
271197628
1841176098
790662877
4104760296
1962012131
1467680222
216894966
1828499061
1031977534
3899524002
1974689204
1171861821
307279961
3109155254
2373579829
673221452
1910400259
4195460355
3509775310
2862973897
1388902691
3947026651
1646925692
631285781
486630026
4046306885
440946013
4048561323
1700845276
826052590
2337522243
65351091
84270413
1728218210
2544387370
779165694
1568403916
2788937363
1218853921
863574369
1795594578
3102830406
457596548
3947560846
943522139
1967437353
645376079
3362411068
277196554
4006188601
2957783994
155627797
798973234
811471108
1517218241
3051469004
2049435472
1135474654
1958179783
4197828078
1337703030
574114875
2736337580
2450213424
793313179
727615200
1240864311
1619434498
1011020288
2487674481
1844850594
3020244556
647514401
1173286168
4152400608
3393891839
3706793567
2244759305
146293903
2921566535
1416569578
3832193105
926700032
639891203
3611319469
3529901118
3382511992
3701113349
825602818
647336604
249794780
1627539357
3310899025
87641716
2186408097
709940405
4183439295
1505329532
2991534014
1543083606
1818865823
2348912697
1257168601
2723587220
3135893620
3897392944
2542179703
2225557491
880814582
310221263
437885158
816698135
333151470
3064965291
139469566
858914659
1199105542
209573919
848763458
3956201035
3192942509
1346054201
3696135266
2811457970
2439897906
1549577948
4105906534
185796300
371546248
3984078713
3393572295
2520218166
3814887582
2924100565
4288130773
1053974744
2738522229
2010127001
3845078239
3975474156
1624010361
949996697
3783546956
3901479477
865260155
810519401
1950288612
3745527461
2840610862
108257037
498261973
3682793270
3620778734
4049615627
1117598833
2778490631
1784090802
1029409236
2023990690
1636683290
3725082344
2544582214
3019168963
2386545271
1952899979
3090023019
1835826507
2607708271
3629529387
2630463560
2562565041
2062915778
2837021099
2800950326
1810026573
1730581920
2417720443
3376509348
1391895619
2924856316
1015402683
406901034
3601832673
950544986
434517003
2048502444
5626803
957134726
2345591809
74981714
950686375
662230092
2044062568
3941199758
1485113310
1612117367
733947013
3633784160
859745699
2982265211
2465125172
721269692
1888946800
318566794
610247749
2460902275
4258400918
4193211395
2682179619
1972747994
571607044
3490755514
1653197370
4288870466
3714056218
3939401334
3371966209
2325454580
805799364
607058911
327441843
1112231981
3873182383
1633084075
2481470926
168752753
4165542380
3785680935
280141856
3572048318
4000770717
459832968
934975106
25063801
3373362257
1737318941
3803425972
3268129529
2229196065
230373200
1269976379
4190157322
637064891
3910266066
3423636457
464939324
4161184861
36675554
761137521
1520764340
939503105
319862518
939943276
2919470929
801595925
1009491853
2946855536
2205241944
81161828
2404381181
1923489013
16487557
2397639900
3725601976
3607112655
1411076494
881309702
3468899792
2504891013
3029703352
2649451780
255033211
4276907244
2217243419
3462771824
2130595410
2290519725
517739629
2707199727
1429634795
330082253
689644195
2395677420
1549976660
1040668227
1400623786
1360164852
3057705487
3723920475
4282054789
3015185856
824467589
1713716162
3254042665
4090923509
351765722
274181578
520383787
2380810141
1645967395
2913332287
1003793492
1598572103
2793353879
3632733032
2957041059
1946558542
2293297143
1401749614
2145189606
1810061515
3162872714
1790854063
1018202942
252336820
3357401670
157334237
826598707
3641354953
3344936662
128746878
2074676000
4069498677
971127545
805542945
2755583924
3815858194
875456192
2778217109
1338462303
215193385
2238888216
3188727538
150891976
2228509753
312880831
3886368118
2730119386
21553760
4015600762
3972082722
791556731
179900474
1173796734
1824018861
38101302
193842054
1121878454
1705520720
1374854870
1277905979
3399352883
17964532
3676061333
381903431
96430383
212727536
3119861284
1432349197
2610594910
1330199155
938566391
2176271553
2397818891
56532745
2728900700
2511995109
2045931073
1898540504
1410919069
1297978303
1379504453
1005055364
678562025
1810323695
2143828866
3188502150
1873527709
1772658444
3588052368
2691262503
763840778
1134818303
2753950549
3095416938
2327015715
1404711298
644649014
2650720650
2463913428
1477483955
1761013107
2952140924
3338427887
2142983642
1854962730
1343406919
3618530086
2918255332
1766649133
4273317846
4118019293
2450036448
2933537936
3892738178
2874587274
2277636192
2961477307
2129440613
1295278230
970967235
1980817001
55516270
398006488
2482043433
2860025650
1412397838
2601290533
3825466314
2051648277
3304835247
412320850
3930669244
1808655564
1215498096
2105422354
3079701688
1289647019
2865756791
413575387
473886857
1039698137
1298479659
3434042019
3217776913
2361905235
4160794461
2631638412
2543190205
2192334357
1330989064
1446308549
3053691883
1816507541
4292715783
1268145744
188175113
3153228545
3723032639
259770491
2912081807
3057189673
3233375169
3921478025
541566278
3304454323
3107385160
2420152446
2417925410
668610324
2265784535
1366882676
1504060049
1912931374
1817359580
3343573709
1699265671
2905919626
749793921
2488901114
1246052129
367975659
3175241994
315083032
4004161318
3979199052
263343431
3623127372
3291875004
1462811518
1114350832
2352758153
725397169
1251464700
3259449713
89816746
2943873468
1802557997
1187782012
2810937520
621520597
1756024167
268658262
1632979739
2820346356
3207940661
833996857
1059873626
1667770945
890813666
3902647103
3428714018
1710768064
2141903249
111398823
3964846889
2150125578
3338741215
3640475351
2738400407
3696293169
2723270559
1891006739
502406985
2533241441
1403422094
614742844
3509490024
506353431
1619782970
1196439303
442682469
1995131316
746703889
3584059359
851746738
3137301118
3521969325
1635265790
347769987
3232283613
4287949986
66532394
30334859
2179522855
4143911123
1021612579
520364411
3786582138
4253218421
2590700509
338832332
1895201279
2738150839
1026158396
678727622
1483777658
1833333882
889260953
1630439440
1146990730
1837366688
3676458723
1672613317
330007570
3554557935
768176445
1036866569
910039983
2231298657
2119907295
1052928675
3397752473
1346234308
2974843049
674517407
242818419
510045386
2027213501
2572054493
3258698942
2088347238
1325377464
1829626077
748234052
3653817622
76533759
386724733
3193206234
3308070279
597888643
2638514503
3732731241
1494220747
1321884867
534650641
1839202869
1843044446
3768480703
2999633873
2130599153
2763105721
615801278
2058536835
3000041783
1332058792
3044043833
4143896369
3642440903
2973562699
1624151004
239691230
51124093
4263662464
419749239
3261756203
2153668101
3960273294
4282400387
515022425
4215357735
1042701013
3871916571
1472582928
2537704506
3751210097
2128482784
3485514243
617781180
783387302
3535093340
495761878
128601686
2318911589
1116405240
3602129592
1379316645
533550226
4000093912
3864706222
3335833488
3334214619
2127096552
2610130682
4268009403
3399804387
1827478491
229079145
329889449
3563097472
1058956088
1215179170
1249045927
1716703745
3865819387
4076829692
1424738640
3182176240
4290986872
2172285289
2408003357
3578743051
3863069855
4059498359
1027448369
3738259626
2114677044
397513794
3119179100
8083806
632186723
3793722630
424272958
1623366898
3614224925
1519501147
2255135655
491334464
688010271
3271972918
674890843
1792700282
3342061033
197307236
1258770397
1355574403
2310075735
3358391756
2087868916
4175310578
1378832449
3951949982
2058121409
3506758224
3583803005
1828979907
2975469058
243348467
82367916
2500714411
657125053
1899623270
245655408
4231504691
416621065
720615129
707856710
2660203176
646555766
2004262956
2790772424
2464524157
2926523182
2391231435
175632699
4079524420
3059744683
3189505584
549149154
6569419
100861519
2553728953
853354138
1573165380
103067550
1804703651
4089514013
3198761413
1495829746
2819004182
2060277732
1523941775
2290611944
1346461079
1039021177
4143433346
3090385581
92184652
2030807233
2462023902
1648694714
125540523
3367762918
2878652573
3832938671
2379677815
2666000262
2813221834
1803501346
1422030555
3560820878
773047475
1639012800
2548403179
262039822
880665293
3972129318
2556545124
3054484734
1877626935
3034578195
3345049435
4125752762
589323385
1158887784
1992445867
2305723629
3004027885
1668639497
1383317859
3672179330
1193458336
2077760557
2939167816
3700097659
2697286051
3336369447
4175221714
1078180534
3934759255
2448054800
486806492
3529448759
629560603
3290267870
4203714612
3172205405
2572822964
3260492884
158862422
1635649422
2442545688
2133704089
3656618453
2737787209
619324050
1205989874
4200849520
2330964939
4285294505
3369794337
3509071040
107012004
4269976123
2868991881
753718743
2579046349
3580979171
3298689773
2703854584
1519192480
3994159262
3323084302
620575178
2119946828
1728965431
1702035514
993470941
1384039468
648764255
3718190728
2556124529
1429786651
2566122777
2905109098
383814526
2863026180
471945028
1442265003
1029304686
2656244087
3604776378
300401689
4013804242
1289693239
2249745779
1833932001
3488913958
3950950185
3620270664
1374826598
811858599
3190039335
1973805519
432547817
3421832685
3993786644
3268766311
2719601794
3394996413
687361544
2730291527
3847569859
1975510882
2590262567
1362710216
2896589920
2998190116
3383433358
4058111242
2322363460
2110199685
757614007
2622820282
1787235711
2510672876
2934707435
826315380
196588491
4154500562
2672100141
3006932368
3306798723
3296893990
2205076280
623729373
2885785212
2850210123
1108799275
3530663446
1099961969
2055633694
1569572949
1797004290
498978536
603846719
2471382729
780580524
2555176107
3592598872
469080503
3683958734
814385677
3520069866
2819044490
1978036636
3835899889
3957288943
1644950755
597559021
4063337040
4126430601
2716621022
1897539649
3645530366
3498214267
3944318412
1320534420
1391517000
1748121565
3079423417
163652966
2212320621
1821444151
1613624329
2810873028
1161483641
368890563
1008942111
2653395191
2081424300
410316214
1226421399
52360761
546286051
1321149349
1629349320
629898069
3970818614
2774201691
2376090633
3943396612
3344557738
2292487871
2531523705
2220947021
1783004227
1546756539
901522229
1911136908
3893614362
1065331861
24557009
583109336
2393078253
450456350
2523865814
734871103
2126687620
3835530213
3064487021
3924287666
3473400843
438238946
1434732750
3186969912
2273025200
3265332728
2995940878
4222015678
2957798877
3602967572
3748844933
2289591467
543548461
232741411
2537522729
1144481335
688609048
2936770399
1588373570
3983156167
2554378887
3419182128
3483176385
1129752695
1603357442
3326244174
3665013471
3404822384
3837090632
23443503
670268287
33238016
818048514
2945418467
4208267622
789687420
3155785799
3288539086
116849509
879069147
1059922600
421869851
873765909
856828467
934969737
867306279
1360083394
851333951
2443233972
2505451857
2593483875
2516999558
4149557920
2677128917
3976395667
2812321609
1750322767
667985489
377244209
1945899136
2482163952
482330001
56821725
1495305522
2908950761
416078098
4099692638
3975227233
2520641271
2259612013
1905542451
18392001
2905906819
3710052284
3178957757
3754309552
1078429166
710821515
2635211499
3308586265
3970948154
4181762289
3789621282
3566982476
266709192
860653444
3420207054
1807166162
395872959
4092083896
1686814349
3060860876
3019089475
4058678015
2491820490
1759884467
1706515917
2639876421
4055938587
4040647103
3215884099
718709995
2384665692
2263439284
1418615957
106947520
2110221010
1264426731
365502308
1125213306
1656408562
2645942520
3091159324
2104036236
3283175278
141491105
3514848019
3289895004
1785587792
3565453733
1711608271
2922051779
2091892473
1638106877
3425299250
2041277519
1788142925
1236566266
724703057
2688989327
4167587202
815647134
342150702
4071348770
1073929923
3736507372
1131876186
1538064396
1714280368
1935333490
829158670
350191235
3997153824
2790176824
1061491053
1116281007
439160900
1303885918
3756817149
2366135666
1243867112
1049380437
1789604209
779183602
441994094
1386166279
3637800395
3371549896
1306057349
3162959825
3961637363
1978455027
2998528162
3936713871
3746359722
668587216
3360838281
73071450
3011775458
3247254022
2642409970
652490640
3816424448
1181346562
1269926787
2867492503
1531414764
3285021727
1371818993
1150569106
3495659707
1863468377
1836260747
1478981415
2486990911
1923145717
3200020460
945956779
3333782393
3105552606
1516319834
3283200463
453523789
2653299913
1805293203
481209983
4230297400
1855865893
292938407
1786046974
690464093
3685203813
3685235846
847805330
1871038916
3513496358
1108831439
2773980166
1622632030
1505276416
69119288
3026633004
3650401917
1995179019
688104318
1320287051
1568041957
2243232241
4073870135
797229782
416310179
1710693889
1705224973
2071538
910721174
32581911
617322185
243042784
4149485870
4133886319
289106786
2466685748
3534885972
688874004
2292186733
2982041732
4110415214
503300639
2471065218
803858334
2309102893
2593525261
3066881334
482484575
3093372939
1843066822
3798068384
771231011
1057733243
1780290364
3604361285
551057413
2039213976
3892330221
155135772
4059500548
321782667
384626018
933557142
3965965215
743633802
1920100933
764302329
2303380978
3601589650
981012855
1904279850
2474474561
4220817681
3566813010
2203139899
2437038328
654054744
2829386446
1657434529
3752017465
3974593700
738870245
2663674774
3339927889
3749868220
1738234103
4273574422
2818024935
1352106755
1224170260
3163363098
2354214045
2617972002
3288467052
1630652425
709221408
3749229713
3186900887
542587138
2036684726
3682532634
1668464155
325215363
2209203543
1619850176
2680233809
1306529930
598308057
4123405412
355674311
3049828607
3015168062
1082257795
3175533513
1201222539
722265482
2402079033
1638280880
466815730
2275584527
2508770565
1885216507
2067126772
895995831
1414669542
2229085325
1750818681
1638647259
2306167294
1375165253
1898273831
1990044807
214682507
1155317018
577475835
3913900670
1799685515
1740442920
681894424
3462216691
3278144255
1062445206
915863339
2259819308
4273873136
2475608403
822103448
193263993
1503264503
452227181
4161587232
2697385366
1588989447
3066886756
3785463865
1967272946
1162136381
419345240
2274186803
504936329
2458409742
834903857
90310004
1313713296
3846164743
2112689154
2737704964
1399920645
1721214719
2146166682
624422553
958759201
2627400272
1712482688
1394782740
3293170205
1709974619
3749824966
168042432
650748738
3045522163
1389832077
1774593742
1594166945
628441962
1632132600
2871782676
1324898147
1394755336
2366959663
2116532251
1538014270
2033849242
363506706
2198156093
2812568717
1810472786
2095959620
4204328003
1578139247
1900395319
3275026559
1319036819
2393720398
2651349169
2070349486
2915370386
234681243
2588422444
3893599297
3423695869
1062211412
1288311702
3689296243
3348874124
152865349
436973845
1652817396
503668300
3691210019
990725458
905012153
797660282
3260182067
1907563987
1632331326
2201297820
1514610726
2462275431
2053769469
1406102072
3966492089
2504013093
3850478394
4145114948
1233502907
830336268
2409528882
2766569007
2268275726
2498022607
2015594929
2494361671
735579407
503666864
3616110430
1105149498
1188454653
3564583557
3447473640
2291905824
2538782108
2809886429
3494415725
2243679171
3550367166
1848987728
2369104117
665890315
95962201
3210719749
26194736
895986465
3083979059
4120989829
1592442664
2850679875
4267174323
860907578
1442910522
2741729661
111773959
1537827913
2596764993
371659003
2755762480
3355176335
601813446
3087688447
148259450
3714041645
4259117868
3376136732
2017982805
1493529851
3737944210
2156672397
483650856
522256628
630459381
2891197679
1187372194
1147711229
2275414298
3041783291
3174532508
3286396784
4220379071
4233152563
3893777029
134606566
84927314
721137181
1434767319
1465904424
2629134111
1325301034
2342132406
1212754217
913402972
1727637026
4261929003
755752609
3124515260
2446075868
1805179800
1507940346
3538526405
27257005
20082615
3508006174
2369557375
3481254506
2452777479
3879444554
2544665127
1505052146
1059885857
197255865
1362837188
3405934740
1615656624
1666262068
3980225967
1351817672
1809800962
420711962
991825345
1373177482
1821655689
216781710
2922511347
833147463
957493939
2744749696
134534779
698133327
1550939129
1429751477
476400242
3802626886
3997692768
1860122263
3345709445
2875079444
2482677774
3679525911
3765035671
1974289466
4271709908
2775591651
2290670243
2547119419
2124787615
3745001657
4014242524
1000229608
2137394695
2357308053
438855913
2354031722
4094961010
1595116958
739349204
52307858
1375510888
108932980
1165738378
3321222498
378001825
1030868435
2046983495
207754589
2064919499
3993700685
479978376
2806935575
3619715889
544781978
3608685373
1800151076
775410274
2245485857
4145611613
1035327367
4118887947
1268078664
872067967
393053545
880803279
1157286117
2412923477
3419836575
3145104710
2846750863
1985064954
1655947962
823277491
2314781354
2638182169
1081109472
554934818
1115915452
3750426808
471305954
2028416235
2761170991
1513865776
132680429
997110647
1732243184
1032594106
3101467604
1843909613
1988748256
2635112727
687741849
2343337337
2167063685
1674166810
1845203277
2766587462
651168366
2430472148
60194914
1599489610
2869002589
2063798149
443392829
190824419
415686604
1004241212
4168490382
1616072747
2128634955
1479025456
2940041808
3254278679
2223630148
3914898504
1441869341
2490372497
2438107153
3926296120
2392186221
3610736137
2114974258
2657889208
1052545783
3093163416
1757916254
1324009949
80852621
1720240294
472221633
2558825972
1963642179
1819532523
604557025
2068163003
1371551040
2007784237
1051150663
3380607612
2282043005
3240885476
4009773222
897714456
418267928
2009040794
3391841352
3882022587
46445480
657987954
2034200781
2638094576
440153522
1130092698
3860920423
1544583520
1012170396
2044357439
1628722592
103864011
130253213
2810546161
8619897
571442014
3801894789
4255521248
1043719884
2846594566
468841940
469361679
3971112562
3872680781
3651139063
2588461477
3076614635
2701818384
3748867282
390027093
3268389465
4274327251
3826709816
3126470078
3154045860
1145621382
64812942
520288529
2949504665
1169756566
2332790043
3207866444
1035148751
888939838
2781996208
2077686743
2700431668
3039302245
2157847521
241782400
965650773
4039669963
3001357717
935447981
2718381783
783300332
608421960
3528551933
2453433849
705473712
4121936568
4184413437
3731643829
1829768580
113277357
568387606
1265614686
3142010568
4163196906
3553652834
1156459416
128574025
3533546847
3365644495
2359589725
1298609671
4120871951
3066090250
913960592
3014904029
3385816332
2843966920
2394416157
4088126811
1572362511
606447484
416633358
2020891596
1631350536
3857763479
1682849374
705410699
61284515
1099054237
1863483135
4269981242
1306034350
3149602928
3277379599
894242633
4269851911
1661396657
1451810560
3744917254
2419016924
773673191
2584543857
812743266
2952768076
2399535726
758781609
3919203412
453998180
1036247164
2442149901
2767773249
656813184
3623200277
821144139
937417301
426557697
1643436073
1899082641
1765448235
3715662652
2139019113
1005966391
1093509189
1828508300
1269010205
4255251280
1655944820
3003282065
3132797471
2754731031
733855149
1158930255
1539140020
230821751
4170506282
2188957256
2508046411
121474426
2113168363
2418638103
3467645855
3071840044
265547343
4088676191
2373724027
1959605976
3046667149
4067656061
3946292608
2291949389
3356961066
3294583755
3867102608
550100462
4140978947
1383166246
493011598
3474286974
2841727473
1518703911
4254622134
493841735
1731103303
736006625
3305438290
3128948308
287556585
3459078038
813900934
4004859482
2031682389
4245795061
3561495634
1915791505
2012045863
342995505
256507324
2005505620
3175741847
3204287330
3392001977
2545889625
312936493
1612047703
1049066239
2735963891
3719406778
2544554483
2581702051
2303093761
1913266766
2934085329
4274901083
109176668
3489717116
3627032971
3810596065
3875792910
2948308433
969052381
3759047940
4039336885
1830892739
3249192065
1240348488
3759090962
3058195539
1053935341
3035400460
2548852182
2281476624
279263444
3474049621
3818836013
3707266607
2874950116
2279918593
2606641080
3414900555
761721759
1459843395
2949035258
1226633139
1513838328
2595486201
3839205243
1756782128
784188751
3648946203
1366385741
3584943512
2660882354
1677487237
1638127918
2738014418
1839310995
1707153284
2054283071
1465711259
1860746304
4035775981
2831841064
3655133315
1025481118
2453087520
3539288903
3085126476
1866643647
390813298
3950456728
3329946393
2801737900
1456696949
3968613335
178627555
4243283099
1169453169
3138508093
1095703926
273761007
2121950139
384377225
4126257490
1232687305
1633852883
2172286016
932912484
1201630211
1692043261
9973270
806670425
3213385434
634806118
834064754
3949722308
74606307
2291893647
1715856149
1938851377
4288967722
849757963
1379188660
1183391959
1890285787
3272716523
225922110
3170248224
2807839578
1762480146
4216352695
3347793397
3280957324
923611468
2747715140
2817880992
1573710494
346686820
4021562602
1866588758
2695117266
3525260170
1451677739
1538529541
2516083747
1678495971
4021953971
2824043331
3973593866
323966841
252313393
3592775938
409402557
2247437795
699655345
2941429886
1214757264
323925689
2759525306
3264965442
812037357
861711715
3633354851
2573139787
2196298685
1697962382
3014145925
783440114
3473730400
445676579
2667982380
1923656333
1406217198
1048519925
1572360062
3060914259
159127431
708047652
3271171393
2006866474
214827764
660270844
1084057944
2068168366
779262683
1611361026
1008037024
2056339141
1102008967
2235054173
4156499732
911061589
4060596728
2740749066
401181648
1261083909
3507213317
2310037372
1072841408
492210942
3992835277
1535663852
1525728105
2368383586
4043989362
2527960466
3915850195
2507177310
3282626477
1751560461
732458623
4045795173
3697839547
369324319
3370308888
662220140
1373906614
4201635280
2474021338
1817131478
2863071864
3012213935
3473397338
2421837936
3097696107
1174078600
1875697091
261571496
2288619771
1429311435
79620204
43336233
1263910499
727582381
1148068271
3798857157
2599055475
4190789698
3365616907
917566268
1408389804
1638102701
2265220578
3998618433
3559569650
3655656173
3256287990
831146831
4008169887
3046948524
1157729885
2416286770
2472628092
2694938080
2802233152
3840602918
2822264028
2782114144
4250984039
4242272450
2222426341
1145932442
1911941395
4086655031
863140671
622218509
3526447538
2321493954
2969932810
2242913730
3508264659
2102971121
3791498867
3043083007
989758310
2167066844
535035233
4137934237
3848756077
2073682253
3026338661
3541934166
1879644753
1570416854
2751463376
3651380379
1883781761
205262988
1245496483
2578501938
2094944010
3818289769
4272619297
893451816
1565334326
2756035336
2436498487
2473121791
268928074
2531653071
830176374
1256765539
849285072
4284395711
1349506407
149699492
2825362919
1359090331
3430243369
816488477
350888174
863064207
1586177188
361228050
4159190786
3326482782
2325811347
2300703611
2197361533
2102150806
2030995977
3624051073
1224455983
261261812
1340402095
3205947690
4290637958
354376531
4075618072
2115056320
2424763661
3576640551
4000610598
2562948173
587890535
2652625302
4288482350
80327768
243176048
4158162286
905481920
1013835540
1299707127
2348424098
811562878
1084553318
3333729391
3894272698
884752892
2025208077
3828314832
963595629
33378212
1986269573
2083343001
3892683799
109465091
3582456915
3319215680
2839912799
1176015979
741334515
3651665625
4021430945
3586184644
2008643667
672946802
2402281965
3552805452
3862533819
997043887
3558634420
1143618866
1635947142
1885768107
2316300795
427173914
630624451
2609821328
404484070
3775919950
54758250
1576263059
504101864
1835143123
1553865327
3667041381
4121899561
1398630036
914355553
3016826381
2763010193
3327167507
3911888113
2433204520
2966196206
2127357151
1726650157
1088681628
607606307
1836566302
1459940785
920438572
1253313569
3345065559
1050234476
3163637601
3071149799
1506229775
2605878366
661343489
1367521103
1726232643
2324967429
3091611699
3638996257
2259066991
3046460578
2510822124
1592014251
3247306040
732598158
1389798849
3428776361
2448998032
1717587705
331909119
2013287715
377622911
3126999349
1439876980
3108109859
704469261
3156880583
3382944165
2153244615
1627649771
723823363
799459619
1005374146
2405323036
3783460330
2410581376
2290196708
1133555299
3577852329
754670331
2377474730
3492647475
385119811
3533829
3510654415
3530363342
2566443519
2494064570
761863528
4141438278
2512756806
3924851429
1846831292
2125810932
3851679231
743912143
2304252657
364678285
1991016499
3169839944
1663078256
3779774493
1258470733
2467296770
3148970721
4244699190
2612094885
4154976615
3670225673
198454339
4293025831
753301577
2075888883
2562461764
187020150
3957245717
2432276740
2627102538
2043612143
752271271
580186664
1979554693
554021686
1876575717
2914979393
1427966636
3520647303
2710412843
1489897021
610775633
3273260842
535615287
3449772514
3019612332
3058067965
3763194805
473452528
634980805
162865158
1826230390
2356393743
1248451598
1776102776
1526171751
277274663
3450328935
2496808110
2764351333
3396871839
918679335
4264270668
1845681280
4175700974
2570350414
999218468
870106994
2556012722
4279745193
2870082184
3719404231
1291791
3308289585
3705429307
3297431938
1576879051
2806594291
1523446757
494878655
1352953078
2866973335
1199869251
1695784271
3699280234
3496133997
2466171722
743567384
2325313425
1654374448
2997139668
1375591238
1163397903
583136050
1505251846
3011330127
1387156354
1055269477
2495515504
3268089956
916695845
3481981385
3476479230
3655797603
1904755883
3271838868
3560179698
1019671398
457627984
2687286888
2193909252
393496890
2919215865
1466823495
306385280
3288975487
952567547
1336257979
3791493048
2406041911
585876744
393057871
3770924171
2131589427
848939400
3208113061
2252173179
4198153116
2303141682
2518680153
3421441129
564683916
1243102521
2470991423
400074779
1510297627
2728255946
558380641
749586014
3582383500
1015631602
3565322759
973673776
1982616317
2423422835
1524970055
1810705006
1750940458
3043685115
1123850288
4132943012
2746918105
2432576165
1267164158
3322494304
2288053496
722438461
3500595186
1516396141
2531221095
3038072395
3241670958
743178565
2001867200
3877737183
577798922
822655412
201128119
2529027619
2223336137
770347846
2558616684
3269444285
3682534169
2739648507
751960756
1054418186
126727453
63072139
2186475705
13269801
1435740208
1744101034
2752281039
2055458063
325354027
3397549623
3514806171
2093905815
2539962892
4102811740
3412080731
4197100223
35385771
2764754407
2815170180
670019180
239391450
1515628796
513555547
942939725
1246479838
793349038
2430295539
2524183230
2012140024
2796261732
2255394716
1178297869
2006825995
1954670225
1053316509
1784464536
2360255176
3511129377
553244823
3361628092
2980819542
1027121156
812719077
1579447018
3118540802
2766495739
4020425984
1810078359
422938785
2316389561
1937595594
2042454626
2629740075
2709515871
3295524152
4178395026
2234652399
2754533472
2590241389
2737077534
2853329455
3694746137
1341724534
517947142
1773439332
1777302663
283360585
804135184
3935511592
758640495
2987698264
255132219
2314333577
2634337639
3015630728
2394301373
3411346140
1444477339
711991643
3829753827
1848240929
2253547076
1365221023
25370269
3686062719
1957413208
3056423249
3069883084
2184954031
3649545453
3944484599
2815401832
3175412320
4022015083
2848776203
2335457015
4289100105
2551797758
601587017
597575209
3233680808
363573726
864234251
4050369117
2235295613
2651654371
3992968874
2566561774
1713523898
40902166
3529475041
584233422
1654405473
3483302770
3674076567
2366896605
3191066044
3928216063
1839956105
1815183145
1475544741
135797040
1957673332
930868326
515371938
2796358625
2326477628
2063886875
3908832855
1687852835
1608077122
3471467942
1789269356
428074806
574033870
3731583045
2886612043
69297215
3495424522
3931413567
840220613
433372758
917538904
3618806230
3172121776
429976935
1798915173
3126162052
1341203164
2392810102
512979042
1625376739
706779725
1586694643
1143601531
1166700529
58045896
1641916092
4062453821
1849417083
2538448715
2643383681
870146368
2998532236
204983071
869323756
1298819020
977733512
600686286
2092945465
2460501046
4294279598
605588079
2765654177
4025019532
365772186
3555618071
3324061740
112287419
3459192196
1041132661
3913195015
2223638923
2063503617
2312288624
2571858200
2194789720
1717402060
1160674702
3096525472
565440848
2536296219
88206842
1140877545
2410809670
1707673401
1387233915
1571863507
3625570403
924588994
2902057366
3975695878
3001593071
2330954343
3804548169
4105307291
1714610191
1443473760
1094703078
1076136958
1479879471
124092306
66623732
2544428738
2826314420
3864968935
862905380
2271627147
1523934036
875112976
3510077488
3212002631
2431592694
4264029455
2841105993
71567344
2606873558
2593333050
3527967144
3224033960
3075634992
637161545
3895370298
2224471619
4093040145
3009790788
698422757
4117077818
2452279935
1610809013
3171682648
761495832
3297451059
258083930
3388188645
2368272227
1191942712
1991963778
2277133800
2066398333
3539386430
3591296449
2460146180
776205491
3353744033
543021350
1587733672
2521991816
3386228575
2719469605
3693108566
2559200815
2281262290
3505266742
3976250219
3124000299
3430322941
430841618
2180304064
3233345437
1814336086
3157915193
2794253751
969573538
787197523
2424396339
2914721454
87346351
3179203826
1971666051
2116047323
2339601270
3790907023
1442788135
3128441745
918657837
3944209612
4274124208
36255893
317062689
1244331437
4280220281
3589021000
244528012
3421919681
740179877
467848107
1092810141
1363016839
673579736
2536403909
175545849
99052242
1620877860
577955179
908305313
3062899836
2033812501
2385810017
1960051595
2306957716
3348592945
1019057641
919089907
1662950327
2396229867
3528987662
717058279
3334080137
1829848937
2156868
489634133
4051504412
1368682861
4104609580
231225745
1081914893
1180195854
2099849610
298331684
2949659255
2174491911
3092321362
3707490715
1710061252
3030346034
2842778847
1478511677
2819087353
1574928550
1675687638
2764678809
676662754
1580059695
3313123390
304506298
3560251512
4084725690
2253914038
4293542532
3733479803
1583996315
2231295984
3901085439
3390588823
2938223884
35543917
4087671908
617613763
1185387852
3343667164
3710004014
4065107281
981175600
439076935
3069530992
244526728
3822709418
1372786678
1924871281
2066720871
1645725317
2763502121
543475993
1339469455
1392862152
140554635
2081581052
2232018320
1395380469
1604734991
1496965756
641995612
369474399
290485278
2567782459
2995542489
2738778396
2107467462
4214207113
3948406654
3268687265
2567772102
1286992772
1347418968
3367604207
2772276733
2902118357
3645982863
398628575
3692814286
2296762534
4266324134
548334403
1473839966
3121945314
2232314022
1528266302
3483342758
3099808351
1200606453
993086431
2198071476
1262596501
1320928923
3201225293
4098052133
382588869
3384313280
3259951009
2193378761
3798460220
4021383520
1518497764
2574481992
3653027556
3472094696
2997622964
1347539174
2003805504
3658206384
350756551
1132922616
603582045
2684557018
3199255572
3840937268
3837450491
2321049516
486682585
3815117332
937281052
2977165110
3500333927
3788587076
3929574984
4251169645
375624101
3258775258
3467082270
3228506109
2574751652
4164147083
3632824013
1039114423
2979019995
2430724271
2191979472
354016861
579857837
1714869549
1555707149
1793489871
3649013322
513258346
716207788
1942238842
1327704899
3275231445
2406548215
1590422563
1908872183
4287632108
260011018
2555344270
52766305
866667098
4268000598
1729778352
1063663418
2347632658
1524066377
603882993
2134955115
1628951202
791738513
181033263
1557850203
2545286572
1025586909
862325739
2713209384
2840636625
414804247
2353519849
1903070972
1672344675
3125439341
3844019440
1215469215
3895963674
2987053577
365697471
2895019579
2262987185
3963501394
409302566
2077602653
725080123
1557968903
1329402085
3536190166
2794899396
2633262726
1079703205
589806097
45756263
2764284734
620046301
789935513
3423006692
2705611272
2975546488
681556607
4222048334
3782253437
2036866190
1381496627
3632336117
370099668
3494158182
3907876773
3871923513
2041851931
3508330541
2309981283
1783555298
1612024680
3289021908
1932188048
1409916619
2172042662
2794431522
3698755196
59163454
3219888464
3899298783
1190789964
1525141051
1402879151
1813401517
3647264785
765881824
4188659819
3612292157
1335628763
1251109345
1422664215
832848532
3744319015
3951557248
2368885887
766055915
3932590755
1936934515
100338232
1959131061
3075616256
3823657921
1965334422
1225997324
3417996306
448581638
3871646486
3876837931
1057956411
979008072
3385627828
4129451390
2131492719
4179704394
3549536067
2744460849
3623777493
2339999803
793444756
2312031072
248049134
2969913461
1834458875
152727586
2628391563
93508129
2360020471
48520042
3775629242
2020834383
2485642126
3626978644
3515077426
2916512774
3074954254
1401994087
2646216534
1200590051
4200600602
2756417758
686347705
2461659432
1668547309
3264215596
2346568794
1466439502
2280864350
1584968168
3742830585
84100294
1193053338
3943373402
1082098868
462999013
1921757110
4050633949
2551962575
213122809
1691380507
2519742435
1854505154
3622560401
364061129
280088973
1112821079
2493474348
1335677156
1355384359
2508066319
2984100584
2023463412
199060249
1979493019
2659774477
171705146
2344466583
3067801566
1072383479
2401633420
1802527675
442021834
1404624338
1169108260
3547723919
384391413
1967293402
4140174002
3396829611
1537068357
3773208705
4085690326
921867768
1700259156
1841882679
3530276963
1652914328
1080540361
3132001465
3878946125
3727291688
1580718370
2155215863
3769319207
1556868645
696603786
3646597295
866957183
2878749919
3912684543
3278581650
40276898
3502720119
2886497992
658037857
3206867135
2632125736
1046274323
2335767836
3651128666
3959004321
55043499
1534047170
4070416851
928772104
504591280
389932340
4094754120
1290571501
2495542046
2317921287
3646103851
2593464114
3893547580
1785243809
420874520
2519368563
4292282215
688298579
4258596163
3539134070
686289520
60036943
4204853669
3057948518
3350560572
481529948
3081109317
972320048
887197583
1179693864
589033776
857549137
1675837717
4286916718
499279822
2865630800
3134500169
758106416
2407398509
1716155415
66095023
3439972222
1077528772
4284917821
1220063915
3732373797
469761446
1332359015
4091075547
1933226364
3403371186
1838584378
2544100583
60940278
2516338644
4253859839
2857463947
2886586460
2464933541
675420382
2623646476
1647083080
2175973283
2777693316
223029010
3754936747
3158663482
2590411472
3333158105
2287563929
3743042210
319719787
2518062
1575629882
174765081
876247437
412546120
1447225066
3573902929
3516204445
3586257088
2872917790
1143646811
3689553132
3372695845
4145095633
1483279046
3074363498
1655606295
1444808447
1065058776
2945611194
1476357852
3241841620
2277534313
3378252746
85719975
1641218960
3367855081
4217039275
1233198147
1661413081
1257854634
3212742849
1186256100
2523369460
2443304542
2409208737
3543534291
2706141344
2854906268
262722445
2408791615
104551244
434389214
1652247424
696900366
4288817003
3949450387
4017732203
1555762310
1662589008
3234542121
3137170227
3926230851
3921712483
776514483
1495415876
3778007596
1708305266
1522469678
1165926855
1301015277
992001809
1301407368
101837356
951945339
421854907
1535199841
646551755
2809209829
3105241058
3122603738
1588998902
4236304010
1776180101
3773034408
504865545
4115195284
1237077599
3876610042
535567652
4155434407
4240599570
2054725112
4289643898
1501605242
3098214249
1102868098
1112709266
3711860661
4012715150
150746668
1645045599
3825094934
1480483412
4264610919
2417861640
3745549035
2846434880
2630801808
2407718547
898927992
4103248628
1380987799
4155677594
1303330089
2572097831
1169986607
2766906659
55779228
2514550040
500564734
3360437548
669971117
4288638975
1636988580
596975663
3492669373
2278822161
2861154108
383616728
617429756
586642431
963579546
3263913289
2884365548
2081148227
2017564104
1524382585
1961134604
870028553
1497435155
3501586919
461558934
954120236
3629825704
1343804503
994283334
343019732
1923944356
4165571528
2854735242
2419749415
1692347865
1407245465
3584858959
3072217222
3988062663
926672588
730394263
3000087447
2872679538
1376945101
214112367
2968234394
931529489
79902898
363425522
4115947904
3134296906
242965274
2428559708
2984190155
735457183
1330785794
3171704147
2064940007
3547301178
3471812685
4234842968
2230742813
3258766805
2896742176
416007205
2110295346
1976599060
166682996
3304401647
3201280164
3152113345
766620389
617852447
1807550454
2492208440
4023157935
3652388931
823904314
1129242018
1164260582
514408568
2768812567
3430525941
3629719837
101814778
1141335862
4159416671
3763861071
3441162277
255723611
2259396868
1571543719
131157780
3442584005
1580658125
2743090431
3848857690
1068063218
2876210096
2935154843
1010069144
2126393623
3581353497
1974535
3236686921
937452442
2626199318
959249754
1920371442
1330242121
2272862212
2430728049
3554630744
2657316817
2829708729
1215409393
544326697
3011237969
769993773
678552820
372842297
4013379260
2523090700
233515729
2325991008
1980792641
470025363
2996715977
2059600601
1288065259
782494449
153155527
3417880660
2033844438
99846751
2608524332
3842485230
2941767130
3598759160
1978731581
376072711
497000008
3355378568
4281266701
2273548531
396585663
1175672272
1285337667
2779604234
3368023177
993586136
76242761
3876420811
3716058221
2375532634
570236334
2120722304
99159193
240096748
2552348725
2364904330
2599768187
3500316543
1582685594
2451183412
2604177342
1573448432
910910687
3009533473
1012358863
1050944400
4177254112
1070229925
1944641400
4233845724
3739101700
3451716134
516695647
1112052757
880415541
1532677943
2441734474
2318388843
3117265588
220157787
1695453721
3833605681
93270552
3676060129
4283571161
1612427972
3541834044
1511054513
2731135061
1829679812
1103292761
3344781449
685929220
1059986720
2680227988
607194780
1877756248
66888620
1473444738
3901923815
1415924107
1526826522
3092313503
3361268403
638442012
4043310459
2343368403
2670755265
975122379
966981990
1987372491
2684561776
3925774417
3477684758
1796998080
1542496228
4155143203
4278163075
3662272020
453523513
2069577129
851874088
3337226923
150113998
2145215153
709379761
2371233252
2538743181
55440635
451134127
3030362143
2973117527
3964044892
1908970572
3587747719
108775240
474686692
1738766123
4041114555
3642497207
3894743806
876006266
2400998503
1848678926
2488208172
1762868041
2745669020
3462502322
1056021536
632429932
1847089124
3640587022
687026569
796149018
3782145639
4017022902
1945547931
3121804881
1709557785
3649416544
1521611872
2725781030
2231852257
30274646
3986856886
2651642160
2124856749
1324571199
2381191868
2652440496
3877568180
1638760765
1116337818
1146044221
1917797041
2721467527
3118849315
2883973526
405167789
373893214
3382203628
2247866034
4099272930
3694904982
3950654036
1543046559
3192284140
1990711883
33812091
2129960063
3160547261
4003570273
4216338261
1424840833
860066035
2298053682
435596056
3756121321
224210712
4051299364
668914565
1952538114
3976678081
2510621481
2193890033
676361874
4048259321
1761172453
1171506746
1127239765
2656837398
2156198505
888008648
3483699290
982062817
3002623800
1876740108
3699800527
2138007722
905073810
2338643622
4185579610
2508952772
1835774344
3100345796
2984378487
2098101207
2136364027
3982553590
645037025
4124933204
1192486925
3335616976
843098731
462494092
2645391846
4075125122
2383991098
3455186631
1370798091
2650411702
760106202
4166589568
1907984695
4057906672
1527307529
1650150075
291571693
2302546371
3177455761
2188960286
647161022
3742991851
530909697
3297655810
3401193361
1898221287
1797441919
2831659755
3975767800
873909512
2396520313
1031811134
3635708178
192107603
3574560514
89568128
2027611956
2551481499
3925147546
4252912670
1889256359
1876058985
4209188485
1818088796
3718888389
205937270
2836064527
3108452373
3866827618
3297335719
188539065
283008913
31352308
96282875
1665263251
1920226473
2208866315
3275237061
2491104135
1312796569
2568403547
3281624302
3358205801
963607053
630649792
3196856004
712175382
898653188
2031218939
1995447959
1860983858
4087013204
3699574636
2387566083
872876395
2147612397
3576913461
644915238
1758550941
2076081907
2233557423
2066978833
2600584430
751617316
2540700560
1200698820
2409432237
2224209948
2804846553
716458022
2275098108
2669575585
2232991067
3857094790
46372286
1728341479
4031056636
1816269144
3366490266
2453188486
4053793095
3250542416
249361797
1537997207
756882250
2339921583
3005529771
4043254232
4174507464
4265561394
475882946
2104837858
380635662
1262568471
2489418280
902117250
4181367995
1657063131
4036103121
2647924587
2298054607
2635185017
800049095
2120008508
1481017130
3648378317
2563909043
3353417263
1600150845
950789605
569276673
2465682095
1652914555
1980554856
350411359
3271342381
2416161094
783585929
3034884731
2851131828
3911795894
3899022330
4069314946
1671588633
1108689409
305124275
2755640614
513258368
1230230405
959922706
2026197911
3370726809
2590409627
1797754907
676761476
864757520
2271480730
4106649262
2430264985
2491861014
343524531
443516102
2434460923
88129810
3049484731
4083632513
2560436493
1474275591
3871661051
4129074667
4168309882
2226749057
1807828468
3753703463
2989709568
3121558702
1198291789
1642523426
3874473849
2010044887
2850195445
3382392966
4011743933
2050438615
2507918161
607952459
1973722851
2216443273
180949767
1819440770
2765789755
2645280800
2716920694
703130970
3009299820
3089498903
154028776
363763268
989988946
3380005080
2029985314
1549238788
3853069732
3259475582
1033834771
4084711014
2937466392
1523227461
3752352538
2294051571
2687128847
650064428
2893862635
1360566839
3583426112
618283299
2822048805
1773340435
1762619
1493680925
2593819519
2892375448
3336662483
2832513294
2415995895
1147075927
919879082
2743314618
676771567
3373790285
2682562261
2867406443
1461154025
1210848054
1319271934
3822017760
2555625868
1847347887
869704516
2347694496
257854428
3781188361
1536240410
803257485
830055597
2968995887
3590047907
314254171
673696581
103709313
1314640012
411396575
3458864726
1630482291
2153114293
503293044
1037032612
839008207
1392710176
347219600
485995139
1255537217
880050466
2341824932
2270652341
3108435523
2774590696
2659291092
2575323633
3985161745
3572867797
1818446742
2161718903
3013617795
1086107370
979471915
3530079124
1449278760
1462765133
3040686530
2059262036
1039843742
1162032152
3293897162
423257478
3027368736
930966950
2442981966
1297902898
2337854709
3042727510
3161367050
2020694169
221067423
626169633
3315396080
826947312
2817329061
1536977236
46708157
3420802077
2757730483
1051704274
1230691481
979313687
1864654348
1811519725
3459008450
3210448054
1262989244
506837094
2900800666
704999119
3431153707
2090427936
180050334
479903631
813700820
1351266826
2945922616
2823853502
2204041256
4084712943
2566010660
1264282879
3691198992
2274382
2559499997
2162411975
2450721902
572880627
2108637395
3169222946
1005821586
1567221601
730094085
4134601574
3495661568
91346761
4020759303
4036835250
1746849884
3096286032
4037030246
89086010
3755481350
3699364890
3220693094
3188754961
3399567320
3534120960
3645177927
3867058852
4092617915
1945156913
1237379326
3610296483
2193781257
3135857810
1603688299
2079319067
114089409
2069295987
2329750307
4125446573
3676059085
1985338213
2602788764
3883613090
4108995553
86238008
3573135599
2564948057
4208995039
3902715520
442339549
1692446331
3976102529
58836892
4261875524
1015107643
591392973
773779680
792487959
1115500990
4238870701
4282628781
1656948463
749860617
1607182044
927081385
119742925
3340445110
3835138443
1539559962
4156131116
747896156
1958161893
1869153350
4282797950
676847154
2217586154
75692592
3976289226
2866290854
492048977
3452435576
1035664257
3503722405
1089833753
323974861
3372246980
1613966507
2419652617
1467627991
1437970984
4251545711
808432513
2037012308
1204930611
1374101654
1874117782
713048149
917678784
1131094506
1186387926
2526665766
2871737112
1651930062
1739264798
1476573044
3939558406
2659616012
3827764775
3457171486
1874086452
386826827
2052532426
2514887063
4134220642
1177560741
391754003
1751889862
1974642152
2068970155
2544401953
1238739847
4193151535
162069125
3421949883
651829903
3554940006
461970689
107222494
66972610
137635117
1730598061
3511358351
3628857239
1201202172
22211627
59933026
2340415983
392801491
3594812569
1539723413
4080018716
3666895546
2523293042
2397661022
256286529
1189075976
1789980305
2576025329
3522656901
3013989241
1635400907
4037350652
2335197812
4057995903
3560540575
2208012325
152117317
4117489638
3138257192
2625779654
117957789
691844341
917061105
1707747606
2084367425
3709288015
1171446599
50032927
2000434296
656348876
1476077995
432905777
2705988534
2298520184
3359606751
643530458
1107640818
3621188412
2128259329
2953612923
103082706
4190882925
2064215537
2285540902
2436271519
2936245609
4272584557
2521724861
2386733380
918388904
3126610949
1168662186
1076716003
3173299751
1693022855
2658933527
915190232
750658768
2613631415
341600853
1534263993
1367337339
3733431570
1961936545
1422601179
4233592479
54386888
810601388
4031032741
1242864385
3850778199
553456863
2924286670
3914475636
3982303544
3549712524
1015338383
1038391362
936237379
17133374
2146527339
2427031822
4193539332
1587742226
2822506499
1768846256
2050988913
2694306386
2443135370
1533932808
2550285151
835325397
3296286103
2685805225
2615216098
2796853276
4111890973
1885275228
2259446349
2345789251
3665038955
3831605190
3738288119
2987425071
2910442349
3388118264
1675781313
711505409
49772402
2081099810
1927897562
4043225339
2918779340
4126672054
1006328689
2288839767
2382149555
2393042270
4277931292
2323926417
2950941043
921434841
2794878505
1678327453
1081809810
2716765195
1162353328
2553602263
3454964930
3970554464
2642420343
4013838159
2607086601
1463227067
635797512
3035052049
1384370203
120937349
3274317432
4291088053
3585148030
3107686216
705835854
84458756
1566707335
650521965
3366488291
549145797
4077965462
403779993
3303195914
934072003
1187234168
2256284011
3479041273
1737600769
3202986086
1606931021
1124938338
3057803831
2805393527
1650416667
2396519226
1462287172
3890264865
4152825984
4244877683
2234349226
2726772788
381530829
2771748091
3695238506
3163994362
3354937712
2302707166
2092153173
361972367
2907808622
2906759355
2458003427
1716797668
2997408856
3389255736
2489159533
1666895286
1293063508
1599630567
3404946855
3276650922
4050305096
3160653036
3291825032
3492537445
1953778473
3894900784
465638283
48540258
4016013842
981481382
2752148134
90768698
1811303190
2713628678
666492599
473656703
1795784906
3982627312
867740007
1857897066
3484600957
1148555022
3422979195
2928295988
3829837978
433092992
2117335374
2046293
352610211
3012807849
2110159639
3235027544
1663727059
2577396440
2938283788
3905278870
2775608092
1473486134
3382164975
2649092625
3343498114
3976929420
2504925248
1069056440
3428404981
2916858189
4200628567
614337067
2125303516
1347128160
1179895712
732812904
3153430750
1716205041
1433029430
299795177
75954298
6951810
3614333515
429951572
3986920942
110904229
2662461240
648443492
427112262
3325049059
3568286189
3364302504
1092705679
531257959
3399821270
3750200198
3503005823
3157640861
3640621476
4052386898
1948397912
4109189660
979399612
45273107
4086675518
455169937
2722269542
4262141984
2883696038
2817936326
3705404333
3693908943
1833007882
369112298
4088354775
1760934314
886108007
2221044158
2725715695
3463726253
2065800758
1388879619
3558700933
3458481805
2277488830
1990441177
3302148865
1996503378
1825213425
1909943226
2483607834
875978027
1829851400
588049294
120166122
3067722274
42824900
2134094059
2457673220
3045672528
1277983530
1236661550
1994764671
4042843449
4079564982
899401236
2165300355
2468108915
3503842432
1660917254
3063290946
2477134827
319336380
3601038983
1040831937
1715118403
1955382433
3746810189
3222650276
1631971550
2892944488
3053140486
1152375929
1295304932
332670689
1365700614
2710853524
732752048
3570100739
456701844
4114509041
2447596843
74569957
1977226534
1986774628
3202169061
2873659751
860090700
102075071
4070163957
4242236478
2096907731
3812278859
3062366085
1803855143
1476978199
1659418308
292383307
1236001193
682896767
3986052307
979040963
4043986307
489280831
540264939
1141896504
3361665666
2190280375
1324941492
954299246
2565092767
4227637263
524221946
386087063
4109774771
2822426478
605877078
792642713
2310754340
1543951703
194666687
1052730032
1863917206
3495070613
3821218044
1709383117
272906901
2696765335
336864375
1886476368
1174338819
4158942962
1442520673
109087336
2249414472
902724772
2236630083
2131597550
900861914
1678399695
3642917897
544940965
389498346
2899051435
93394690
4134361446
182656844
274217853
3851390599
3994444102
1216045612
1596157575
814015751
223565060
1080689142
2959121616
3940273739
4207337974
1861359761
2952001891
56708812
2446091979
2280348601
2038989216
2154783093
3451371522
1861247316
995968297
433621315
337227320
721306263
1401164536
3637540606
3395959142
1326401384
678426386
3489860174
4195018707
4246261935
1925039378
4043051615
229069123
1758787130
1173992164
3204104759
316086463
731235125
167702691
566809470
4032636959
679440361
1506997631
3573124153
2675662205
1791835838
254895891
3472776650
2001124210
3765074741
2373986977
112296648
2153716208
1757644853
3846293581
2782224321
733871966
2495017463
3319807236
2467439168
1765383322
4201840516
1917337292
3474358397
4022064123
24454121
3136817119
3394365276
3761192805
483859256
3751332643
371055588
1147030824
3710269969
2897296356
2597112169
2551057721
3019396245
438874302
2139526774
156546197
3300537599
984523102
1892933876
3413371806
1650547172
171585432
3671125024
675136095
490917740
1642252412
4233267998
1739259904
1883361218
3054375077
2536586434
1044678408
3307506909
1737407790
606975008
1881222246
3002702483
2257812348
2060966378
1111890815
2633648212
3486677329
902620887
836926723
2993864078
2194199619
50181826
1773819556
2739489545
2061996227
1293873794
340621725
1241012994
2530613672
1540932681
3797762950
50821398
413578018
2477423164
1664228307
4259647926
1884958905
1186487778
3197855453
28117251
646790951
676049858
1880007991
3142333695
3373379406
3592534480
2927958144
3123491435
2748268146
2339318823
1534504679
98574997
2661679192
1376125687
2179253470
1100362302
3903513335
1601585311
79562006
4158885254
3750902088
3812007513
1297051014
16825609
2787027313
1973888135
2821081248
424765027
256830443
3112521502
1393425880
406194975
45574978
2271392921
1658831987
320105724
3443404578
